"Advertiser ID","Advertiser","Campaign Group ID","Campaign Group","Campaign ID","Campaign","Domains","App Title","Channel Type","Channel Subtype","Media Cost","Third-Party CPM Fee","Third-Party CPC Fee","Impressions","Clicks","Conversions","eCPM","CTR","CVR","eCPC","eCPA","Secondary Conversions","Conversion Revenue","ROAS","eCPE","eCPA (Secondary)"
"126243","Côtes-d'Armor Destination","436943","Campagne Communication Côtes-d'Armor Destination x Agence hémisphère Sud","3183430","Le couple en quête de déconnexion_Display Ad","linternaute.com","","Display","Standard","€0,18 ","€0,00 ","€0,00 ","46","0","0","€3,96 ","0,00%","n/a","n/a","n/a","0","€0,00 ","0,00%","n/a","n/a"
"126243","Côtes-d'Armor Destination","436943","Campagne Communication Côtes-d'Armor Destination x Agence hémisphère Sud","3183430","Le couple en quête de déconnexion_Display Ad","estrepublicain.fr","","Display","Standard","€0,18 ","€0,00 ","€0,00 ","47","0","0","€3,87 ","0,00%","n/a","n/a","n/a","0","€0,00 ","0,00%","n/a","n/a"
"126243","Côtes-d'Armor Destination","436943","Campagne Communication Côtes-d'Armor Destination x Agence hémisphère Sud","3183430","Le couple en quête de déconnexion_Display Ad","bibamagazine.fr","","Display","Standard","€1,62 ","€0,00 ","€0,00 ","394","3","0","€4,10 ","0,76%","0,00%","€0,54 ","n/a","0","€0,00 ","0,00%","n/a","n/a"
"126243","Côtes-d'Armor Destination","436943","Campagne Communication Côtes-d'Armor Destination x Agence hémisphère Sud","3182542","La famille exploratrice_Native Ad","parents.fr","","Native","Standard","€0,29 ","€0,00 ","€0,00 ","83","0","0","€3,46 ","0,00%","n/a","n/a","n/a","0","€0,00 ","0,00%","n/a","n/a"
"126243","Côtes-d'Armor Destination","436943","Campagne Communication Côtes-d'Armor Destination x Agence hémisphère Sud","3189086","Le couple en quête de déconnexion_Native Ad","societe.com","","Native","Standard","€0,04 ","€0,00 ","€0,00 ","11","0","0","€3,60 ","0,00%","n/a","n/a","n/a","0","€0,00 ","0,00%","n/a","n/a"
"126243","Côtes-d'Armor Destination","436943","Campagne Communication Côtes-d'Armor Destination x Agence hémisphère Sud","3183139","La famille exploratrice_Display Ad","programme.tv","","Display","Standard","€0,15 ","€0,00 ","€0,00 ","34","0","0","€4,30 ","0,00%","n/a","n/a","n/a","0","€0,00 ","0,00%","n/a","n/a"
"126243","Côtes-d'Armor Destination","436943","Campagne Communication Côtes-d'Armor Destination x Agence hémisphère Sud","3183139","La famille exploratrice_Display Ad","parismatch.com","","Display","Standard","€0,47 ","€0,00 ","€0,00 ","115","0","0","€4,05 ","0,00%","n/a","n/a","n/a","0","€0,00 ","0,00%","n/a","n/a"
"126243","Côtes-d'Armor Destination","436943","Campagne Communication Côtes-d'Armor Destination x Agence hémisphère Sud","3183430","Le couple en quête de déconnexion_Display Ad","societe.com","","Display","Standard","€0,02 ","€0,00 ","€0,00 ","4","0","0","€4,43 ","0,00%","n/a","n/a","n/a","0","€0,00 ","0,00%","n/a","n/a"
"126243","Côtes-d'Armor Destination","436943","Campagne Communication Côtes-d'Armor Destination x Agence hémisphère Sud","3183430","Le couple en quête de déconnexion_Display Ad","programme-television.org","","Display","Standard","€0,62 ","€0,00 ","€0,00 ","158","0","0","€3,95 ","0,00%","n/a","n/a","n/a","0","€0,00 ","0,00%","n/a","n/a"
"126243","Côtes-d'Armor Destination","436943","Campagne Communication Côtes-d'Armor Destination x Agence hémisphère Sud","3183430","Le couple en quête de déconnexion_Display Ad","seloger.com","","Display","Standard","€0,02 ","€0,00 ","€0,00 ","4","0","0","€4,72 ","0,00%","n/a","n/a","n/a","0","€0,00 ","0,00%","n/a","n/a"
"126243","Côtes-d'Armor Destination","436943","Campagne Communication Côtes-d'Armor Destination x Agence hémisphère Sud","3183430","Le couple en quête de déconnexion_Display Ad","mariefrance.fr","","Display","Standard","€19,61 ","€0,00 ","€0,00 ","4 993","15","0","€3,93 ","0,30%","0,00%","€1,31 ","n/a","0","€0,00 ","0,00%","n/a","n/a"
"126243","Côtes-d'Armor Destination","436943","Campagne Communication Côtes-d'Armor Destination x Agence hémisphère Sud","3183430","Le couple en quête de déconnexion_Display Ad","rfi.fr","","Display","Standard","€0,04 ","€0,00 ","€0,00 ","10","0","0","€3,87 ","0,00%","n/a","n/a","n/a","0","€0,00 ","0,00%","n/a","n/a"
"126243","Côtes-d'Armor Destination","436943","Campagne Communication Côtes-d'Armor Destination x Agence hémisphère Sud","3189086","Le couple en quête de déconnexion_Native Ad","lexpress.fr","","Native","Standard","€0,17 ","€0,00 ","€0,00 ","49","0","0","€3,54 ","0,00%","n/a","n/a","n/a","0","€0,00 ","0,00%","n/a","n/a"
"126243","Côtes-d'Armor Destination","436943","Campagne Communication Côtes-d'Armor Destination x Agence hémisphère Sud","3189086","Le couple en quête de déconnexion_Native Ad","corsematin.com","","Native","Standard","€0,39 ","€0,00 ","€0,00 ","111","0","0","€3,54 ","0,00%","n/a","n/a","n/a","0","€0,00 ","0,00%","n/a","n/a"
"126243","Côtes-d'Armor Destination","436943","Campagne Communication Côtes-d'Armor Destination x Agence hémisphère Sud","3189086","Le couple en quête de déconnexion_Native Ad","huffingtonpost.fr","","Native","Standard","€2,63 ","€0,00 ","€0,00 ","754","1","0","€3,48 ","0,13%","0,00%","€2,63 ","n/a","0","€0,00 ","0,00%","n/a","n/a"
"126243","Côtes-d'Armor Destination","436943","Campagne Communication Côtes-d'Armor Destination x Agence hémisphère Sud","3189086","Le couple en quête de déconnexion_Native Ad","telestar.fr","","Native","Standard","€19,03 ","€0,00 ","€0,00 ","5 232","15","0","€3,64 ","0,29%","0,00%","€1,27 ","n/a","0","€0,00 ","0,00%","n/a","n/a"
"126243","Côtes-d'Armor Destination","436943","Campagne Communication Côtes-d'Armor Destination x Agence hémisphère Sud","3183139","La famille exploratrice_Display Ad","logic-immo.com","","Display","Standard","€0,00 ","€0,00 ","€0,00 ","1","0","0","€3,78 ","0,00%","n/a","n/a","n/a","0","€0,00 ","0,00%","n/a","n/a"
"126243","Côtes-d'Armor Destination","436943","Campagne Communication Côtes-d'Armor Destination x Agence hémisphère Sud","3189086","Le couple en quête de déconnexion_Native Ad","santeplusmag.com","","Native","Standard","€0,00 ","€0,00 ","€0,00 ","1","0","0","€3,68 ","0,00%","n/a","n/a","n/a","0","€0,00 ","0,00%","n/a","n/a"
"126243","Côtes-d'Armor Destination","436943","Campagne Communication Côtes-d'Armor Destination x Agence hémisphère Sud","3183139","La famille exploratrice_Display Ad","orange.fr","","Display","Standard","€14,44 ","€0,00 ","€0,00 ","3 201","0","0","€4,51 ","0,00%","n/a","n/a","n/a","0","€0,00 ","0,00%","n/a","n/a"
"126243","Côtes-d'Armor Destination","436943","Campagne Communication Côtes-d'Armor Destination x Agence hémisphère Sud","3183139","La famille exploratrice_Display Ad","centrepresseaveyron.fr","","Display","Standard","€0,22 ","€0,00 ","€0,00 ","52","1","0","€4,25 ","1,92%","0,00%","€0,22 ","n/a","0","€0,00 ","0,00%","n/a","n/a"
"126243","Côtes-d'Armor Destination","436943","Campagne Communication Côtes-d'Armor Destination x Agence hémisphère Sud","3183139","La famille exploratrice_Display Ad","lepoint.fr","","Display","Standard","€0,04 ","€0,00 ","€0,00 ","13","0","0","€3,44 ","0,00%","n/a","n/a","n/a","0","€0,00 ","0,00%","n/a","n/a"
"126243","Côtes-d'Armor Destination","436943","Campagne Communication Côtes-d'Armor Destination x Agence hémisphère Sud","3182542","La famille exploratrice_Native Ad","marieclaire.fr","","Native","Standard","€4,84 ","€0,00 ","€0,00 ","1 319","2","0","€3,67 ","0,15%","0,00%","€2,42 ","n/a","0","€0,00 ","0,00%","n/a","n/a"
"126243","Côtes-d'Armor Destination","436943","Campagne Communication Côtes-d'Armor Destination x Agence hémisphère Sud","3182542","La famille exploratrice_Native Ad","laposte.net","","Native","Standard","€0,11 ","€0,00 ","€0,00 ","31","0","0","€3,69 ","0,00%","n/a","n/a","n/a","0","€0,00 ","0,00%","n/a","n/a"
"126243","Côtes-d'Armor Destination","436943","Campagne Communication Côtes-d'Armor Destination x Agence hémisphère Sud","3182542","La famille exploratrice_Native Ad","autonews.fr","","Native","Standard","€0,11 ","€0,00 ","€0,00 ","29","0","0","€3,63 ","0,00%","n/a","n/a","n/a","0","€0,00 ","0,00%","n/a","n/a"
"126243","Côtes-d'Armor Destination","436943","Campagne Communication Côtes-d'Armor Destination x Agence hémisphère Sud","3189086","Le couple en quête de déconnexion_Native Ad","routard.com","","Native","Standard","€0,06 ","€0,00 ","€0,00 ","16","0","0","€3,66 ","0,00%","n/a","n/a","n/a","0","€0,00 ","0,00%","n/a","n/a"
"126243","Côtes-d'Armor Destination","436943","Campagne Communication Côtes-d'Armor Destination x Agence hémisphère Sud","3189086","Le couple en quête de déconnexion_Native Ad","lardennais.fr","","Native","Standard","€0,21 ","€0,00 ","€0,00 ","60","1","0","€3,50 ","1,67%","0,00%","€0,21 ","n/a","0","€0,00 ","0,00%","n/a","n/a"
"126243","Côtes-d'Armor Destination","436943","Campagne Communication Côtes-d'Armor Destination x Agence hémisphère Sud","3183139","La famille exploratrice_Display Ad","charentelibre.fr","","Display","Standard","€0,12 ","€0,00 ","€0,00 ","32","0","0","€3,90 ","0,00%","n/a","n/a","n/a","0","€0,00 ","0,00%","n/a","n/a"
"126243","Côtes-d'Armor Destination","436943","Campagne Communication Côtes-d'Armor Destination x Agence hémisphère Sud","3183430","Le couple en quête de déconnexion_Display Ad","aufeminin.com","","Display","Standard","€1,20 ","€0,00 ","€0,00 ","302","0","0","€3,98 ","0,00%","n/a","n/a","n/a","0","€0,00 ","0,00%","n/a","n/a"
"126243","Côtes-d'Armor Destination","436943","Campagne Communication Côtes-d'Armor Destination x Agence hémisphère Sud","3182542","La famille exploratrice_Native Ad","rfi.fr","","Native","Standard","€0,03 ","€0,00 ","€0,00 ","7","0","0","€3,68 ","0,00%","n/a","n/a","n/a","0","€0,00 ","0,00%","n/a","n/a"
"126243","Côtes-d'Armor Destination","436943","Campagne Communication Côtes-d'Armor Destination x Agence hémisphère Sud","3182542","La famille exploratrice_Native Ad","lexpress.fr","","Native","Standard","€0,11 ","€0,00 ","€0,00 ","29","0","0","€3,67 ","0,00%","n/a","n/a","n/a","0","€0,00 ","0,00%","n/a","n/a"
"126243","Côtes-d'Armor Destination","436943","Campagne Communication Côtes-d'Armor Destination x Agence hémisphère Sud","3182542","La famille exploratrice_Native Ad","leprogres.fr","","Native","Standard","€0,40 ","€0,00 ","€0,00 ","110","0","0","€3,61 ","0,00%","n/a","n/a","n/a","0","€0,00 ","0,00%","n/a","n/a"
"126243","Côtes-d'Armor Destination","436943","Campagne Communication Côtes-d'Armor Destination x Agence hémisphère Sud","3182542","La famille exploratrice_Native Ad","laprovence.com","","Native","Standard","€0,22 ","€0,00 ","€0,00 ","66","0","0","€3,35 ","0,00%","n/a","n/a","n/a","0","€0,00 ","0,00%","n/a","n/a"
"126243","Côtes-d'Armor Destination","436943","Campagne Communication Côtes-d'Armor Destination x Agence hémisphère Sud","3189086","Le couple en quête de déconnexion_Native Ad","planete-deco.fr","","Native","Standard","€0,01 ","€0,00 ","€0,00 ","4","0","0","€3,70 ","0,00%","n/a","n/a","n/a","0","€0,00 ","0,00%","n/a","n/a"
"126243","Côtes-d'Armor Destination","436943","Campagne Communication Côtes-d'Armor Destination x Agence hémisphère Sud","3189086","Le couple en quête de déconnexion_Native Ad","sports.fr","","Native","Standard","€31,84 ","€0,00 ","€0,00 ","8 759","26","0","€3,64 ","0,30%","0,00%","€1,22 ","n/a","0","€0,00 ","0,00%","n/a","n/a"
"126243","Côtes-d'Armor Destination","436943","Campagne Communication Côtes-d'Armor Destination x Agence hémisphère Sud","3189086","Le couple en quête de déconnexion_Native Ad","lavoixdunord.fr","","Native","Standard","€12,45 ","€0,00 ","€0,00 ","3 439","20","0","€3,62 ","0,58%","0,00%","€0,62 ","n/a","0","€0,00 ","0,00%","n/a","n/a"
"126243","Côtes-d'Armor Destination","436943","Campagne Communication Côtes-d'Armor Destination x Agence hémisphère Sud","3189086","Le couple en quête de déconnexion_Native Ad","seloger.com","","Native","Standard","€0,00 ","€0,00 ","€0,00 ","1","0","0","€3,49 ","0,00%","n/a","n/a","n/a","0","€0,00 ","0,00%","n/a","n/a"
"126243","Côtes-d'Armor Destination","436943","Campagne Communication Côtes-d'Armor Destination x Agence hémisphère Sud","3189086","Le couple en quête de déconnexion_Native Ad","bfmtv.com","","Native","Standard","€11,82 ","€0,00 ","€0,00 ","3 249","7","0","€3,64 ","0,22%","0,00%","€1,69 ","n/a","0","€0,00 ","0,00%","n/a","n/a"
"126243","Côtes-d'Armor Destination","436943","Campagne Communication Côtes-d'Armor Destination x Agence hémisphère Sud","3183139","La famille exploratrice_Display Ad","laprovence.com","","Display","Standard","€0,04 ","€0,00 ","€0,00 ","8","0","0","€4,51 ","0,00%","n/a","n/a","n/a","0","€0,00 ","0,00%","n/a","n/a"
"126243","Côtes-d'Armor Destination","436943","Campagne Communication Côtes-d'Armor Destination x Agence hémisphère Sud","3183139","La famille exploratrice_Display Ad","liberation.fr","","Display","Standard","€0,52 ","€0,00 ","€0,00 ","120","0","0","€4,30 ","0,00%","n/a","n/a","n/a","0","€0,00 ","0,00%","n/a","n/a"
"126243","Côtes-d'Armor Destination","436943","Campagne Communication Côtes-d'Armor Destination x Agence hémisphère Sud","3183139","La famille exploratrice_Display Ad","detentejardin.com","","Display","Standard","€0,01 ","€0,00 ","€0,00 ","3","0","0","€4,72 ","0,00%","n/a","n/a","n/a","0","€0,00 ","0,00%","n/a","n/a"
"126243","Côtes-d'Armor Destination","436943","Campagne Communication Côtes-d'Armor Destination x Agence hémisphère Sud","3183139","La famille exploratrice_Display Ad","rfi.fr","","Display","Standard","€0,00 ","€0,00 ","€0,00 ","1","0","0","€3,88 ","0,00%","n/a","n/a","n/a","0","€0,00 ","0,00%","n/a","n/a"
"126243","Côtes-d'Armor Destination","436943","Campagne Communication Côtes-d'Armor Destination x Agence hémisphère Sud","3183139","La famille exploratrice_Display Ad","lindependant.fr","","Display","Standard","€0,39 ","€0,00 ","€0,00 ","88","0","0","€4,44 ","0,00%","n/a","n/a","n/a","0","€0,00 ","0,00%","n/a","n/a"
"126243","Côtes-d'Armor Destination","436943","Campagne Communication Côtes-d'Armor Destination x Agence hémisphère Sud","3183430","Le couple en quête de déconnexion_Display Ad","nouvelobs.com","","Display","Standard","€0,03 ","€0,00 ","€0,00 ","7","0","0","€4,53 ","0,00%","n/a","n/a","n/a","0","€0,00 ","0,00%","n/a","n/a"
"126243","Côtes-d'Armor Destination","436943","Campagne Communication Côtes-d'Armor Destination x Agence hémisphère Sud","3182542","La famille exploratrice_Native Ad","routard.com","","Native","Standard","€0,05 ","€0,00 ","€0,00 ","13","0","0","€3,50 ","0,00%","n/a","n/a","n/a","0","€0,00 ","0,00%","n/a","n/a"
"126243","Côtes-d'Armor Destination","436943","Campagne Communication Côtes-d'Armor Destination x Agence hémisphère Sud","3189086","Le couple en quête de déconnexion_Native Ad","admagazine.fr","","Native","Standard","€0,03 ","€0,00 ","€0,00 ","9","0","0","€3,49 ","0,00%","n/a","n/a","n/a","0","€0,00 ","0,00%","n/a","n/a"
"126243","Côtes-d'Armor Destination","436943","Campagne Communication Côtes-d'Armor Destination x Agence hémisphère Sud","3189086","Le couple en quête de déconnexion_Native Ad","grazia.fr","","Native","Standard","€12,63 ","€0,00 ","€0,00 ","3 463","13","0","€3,65 ","0,38%","0,00%","€0,97 ","n/a","0","€0,00 ","0,00%","n/a","n/a"
"126243","Côtes-d'Armor Destination","436943","Campagne Communication Côtes-d'Armor Destination x Agence hémisphère Sud","3183139","La famille exploratrice_Display Ad","autonews.fr","","Display","Standard","€0,01 ","€0,00 ","€0,00 ","2","0","0","€4,69 ","0,00%","n/a","n/a","n/a","0","€0,00 ","0,00%","n/a","n/a"
"126243","Côtes-d'Armor Destination","436943","Campagne Communication Côtes-d'Armor Destination x Agence hémisphère Sud","3182542","La famille exploratrice_Native Ad","challenges.fr","","Native","Standard","€1,07 ","€0,00 ","€0,00 ","291","6","0","€3,67 ","2,06%","0,00%","€0,18 ","n/a","0","€0,00 ","0,00%","n/a","n/a"
"126243","Côtes-d'Armor Destination","436943","Campagne Communication Côtes-d'Armor Destination x Agence hémisphère Sud","3182542","La famille exploratrice_Native Ad","welovetennis.fr","","Native","Standard","€1,71 ","€0,00 ","€0,00 ","479","5","0","€3,57 ","1,04%","0,00%","€0,34 ","n/a","0","€0,00 ","0,00%","n/a","n/a"
"126243","Côtes-d'Armor Destination","436943","Campagne Communication Côtes-d'Armor Destination x Agence hémisphère Sud","3182542","La famille exploratrice_Native Ad","demotivateur.fr","","Native","Standard","€12,47 ","€0,00 ","€0,00 ","3 425","14","0","€3,64 ","0,41%","0,00%","€0,89 ","n/a","0","€0,00 ","0,00%","n/a","n/a"
"126243","Côtes-d'Armor Destination","436943","Campagne Communication Côtes-d'Armor Destination x Agence hémisphère Sud","3189086","Le couple en quête de déconnexion_Native Ad","actu.fr","","Native","Standard","€1,74 ","€0,00 ","€0,00 ","472","0","0","€3,68 ","0,00%","n/a","n/a","n/a","0","€0,00 ","0,00%","n/a","n/a"
"126243","Côtes-d'Armor Destination","436943","Campagne Communication Côtes-d'Armor Destination x Agence hémisphère Sud","3189086","Le couple en quête de déconnexion_Native Ad","marmiton.org","","Native","Standard","€107,64 ","€0,00 ","€0,00 ","30 910","58","0","€3,48 ","0,19%","0,00%","€1,86 ","n/a","0","€0,00 ","0,00%","n/a","n/a"
"126243","Côtes-d'Armor Destination","436943","Campagne Communication Côtes-d'Armor Destination x Agence hémisphère Sud","3183139","La famille exploratrice_Display Ad","demotivateur.fr","","Display","Standard","€3,40 ","€0,00 ","€0,00 ","859","3","0","€3,96 ","0,35%","0,00%","€1,13 ","n/a","0","€0,00 ","0,00%","n/a","n/a"
"126243","Côtes-d'Armor Destination","436943","Campagne Communication Côtes-d'Armor Destination x Agence hémisphère Sud","3183430","Le couple en quête de déconnexion_Display Ad","challenges.fr","","Display","Standard","€0,03 ","€0,00 ","€0,00 ","8","0","0","€3,83 ","0,00%","n/a","n/a","n/a","0","€0,00 ","0,00%","n/a","n/a"
"126243","Côtes-d'Armor Destination","436943","Campagne Communication Côtes-d'Armor Destination x Agence hémisphère Sud","3183430","Le couple en quête de déconnexion_Display Ad","marieclaire.fr","","Display","Standard","€0,45 ","€0,00 ","€0,00 ","114","0","0","€3,92 ","0,00%","n/a","n/a","n/a","0","€0,00 ","0,00%","n/a","n/a"
"126243","Côtes-d'Armor Destination","436943","Campagne Communication Côtes-d'Armor Destination x Agence hémisphère Sud","3182542","La famille exploratrice_Native Ad","geo.fr","","Native","Standard","€1,87 ","€0,00 ","€0,00 ","511","8","0","€3,65 ","1,57%","0,00%","€0,23 ","n/a","0","€0,00 ","0,00%","n/a","n/a"
"126243","Côtes-d'Armor Destination","436943","Campagne Communication Côtes-d'Armor Destination x Agence hémisphère Sud","3189086","Le couple en quête de déconnexion_Native Ad","laposte.net","","Native","Standard","€0,25 ","€0,00 ","€0,00 ","68","0","0","€3,67 ","0,00%","n/a","n/a","n/a","0","€0,00 ","0,00%","n/a","n/a"
"126243","Côtes-d'Armor Destination","436943","Campagne Communication Côtes-d'Armor Destination x Agence hémisphère Sud","3183139","La famille exploratrice_Display Ad","mariefrance.fr","","Display","Standard","€28,07 ","€0,00 ","€0,00 ","7 107","26","0","€3,95 ","0,37%","0,00%","€1,08 ","n/a","0","€0,00 ","0,00%","n/a","n/a"
"126243","Côtes-d'Armor Destination","436943","Campagne Communication Côtes-d'Armor Destination x Agence hémisphère Sud","3183430","Le couple en quête de déconnexion_Display Ad","lepoint.fr","","Display","Standard","€0,03 ","€0,00 ","€0,00 ","8","0","0","€3,94 ","0,00%","n/a","n/a","n/a","0","€0,00 ","0,00%","n/a","n/a"
"126243","Côtes-d'Armor Destination","436943","Campagne Communication Côtes-d'Armor Destination x Agence hémisphère Sud","3183430","Le couple en quête de déconnexion_Display Ad","lefigaro.fr","","Display","Standard","€0,48 ","€0,00 ","€0,00 ","101","0","0","€4,73 ","0,00%","n/a","n/a","n/a","0","€0,00 ","0,00%","n/a","n/a"
"126243","Côtes-d'Armor Destination","436943","Campagne Communication Côtes-d'Armor Destination x Agence hémisphère Sud","3182542","La famille exploratrice_Native Ad","programme-television.org","","Native","Standard","€11,98 ","€0,00 ","€0,00 ","3 258","42","0","€3,68 ","1,29%","0,00%","€0,29 ","n/a","0","€0,00 ","0,00%","n/a","n/a"
"126243","Côtes-d'Armor Destination","436943","Campagne Communication Côtes-d'Armor Destination x Agence hémisphère Sud","3182542","La famille exploratrice_Native Ad","viepratique.fr","","Native","Standard","€12,41 ","€0,00 ","€0,00 ","3 387","20","0","€3,66 ","0,59%","0,00%","€0,62 ","n/a","0","€0,00 ","0,00%","n/a","n/a"
"126243","Côtes-d'Armor Destination","436943","Campagne Communication Côtes-d'Armor Destination x Agence hémisphère Sud","3182542","La famille exploratrice_Native Ad","rtl.fr","","Native","Standard","€0,29 ","€0,00 ","€0,00 ","82","0","0","€3,60 ","0,00%","n/a","n/a","n/a","0","€0,00 ","0,00%","n/a","n/a"
"126243","Côtes-d'Armor Destination","436943","Campagne Communication Côtes-d'Armor Destination x Agence hémisphère Sud","3182542","La famille exploratrice_Native Ad","liberation.fr","","Native","Standard","€136,31 ","€0,00 ","€0,00 ","37 067","622","0","€3,68 ","1,68%","0,00%","€0,22 ","n/a","0","€0,00 ","0,00%","n/a","n/a"
"126243","Côtes-d'Armor Destination","436943","Campagne Communication Côtes-d'Armor Destination x Agence hémisphère Sud","3182542","La famille exploratrice_Native Ad","programme.tv","","Native","Standard","€7,21 ","€0,00 ","€0,00 ","1 969","24","0","€3,66 ","1,22%","0,00%","€0,30 ","n/a","0","€0,00 ","0,00%","n/a","n/a"
"126243","Côtes-d'Armor Destination","436943","Campagne Communication Côtes-d'Armor Destination x Agence hémisphère Sud","3182542","La famille exploratrice_Native Ad","notretemps.com","","Native","Standard","€0,47 ","€0,00 ","€0,00 ","129","0","0","€3,67 ","0,00%","n/a","n/a","n/a","0","€0,00 ","0,00%","n/a","n/a"
"126243","Côtes-d'Armor Destination","436943","Campagne Communication Côtes-d'Armor Destination x Agence hémisphère Sud","3189086","Le couple en quête de déconnexion_Native Ad","mariefrance.fr","","Native","Standard","€51,10 ","€0,00 ","€0,00 ","14 019","73","0","€3,65 ","0,52%","0,00%","€0,70 ","n/a","0","€0,00 ","0,00%","n/a","n/a"
"126243","Côtes-d'Armor Destination","436943","Campagne Communication Côtes-d'Armor Destination x Agence hémisphère Sud","3183430","Le couple en quête de déconnexion_Display Ad","ledauphine.com","","Display","Standard","€0,03 ","€0,00 ","€0,00 ","6","0","0","€4,27 ","0,00%","n/a","n/a","n/a","0","€0,00 ","0,00%","n/a","n/a"
"126243","Côtes-d'Armor Destination","436943","Campagne Communication Côtes-d'Armor Destination x Agence hémisphère Sud","3183430","Le couple en quête de déconnexion_Display Ad","programme.tv","","Display","Standard","€0,34 ","€0,00 ","€0,00 ","88","0","0","€3,91 ","0,00%","n/a","n/a","n/a","0","€0,00 ","0,00%","n/a","n/a"
"126243","Côtes-d'Armor Destination","436943","Campagne Communication Côtes-d'Armor Destination x Agence hémisphère Sud","3182542","La famille exploratrice_Native Ad","vinted.fr","","Native","Standard","€1,18 ","€0,00 ","€0,00 ","427","0","0","€2,76 ","0,00%","n/a","n/a","n/a","0","€0,00 ","0,00%","n/a","n/a"
"126243","Côtes-d'Armor Destination","436943","Campagne Communication Côtes-d'Armor Destination x Agence hémisphère Sud","3182542","La famille exploratrice_Native Ad","voici.fr","","Native","Standard","€115,28 ","€0,00 ","€0,00 ","31 367","385","0","€3,68 ","1,23%","0,00%","€0,30 ","n/a","0","€0,00 ","0,00%","n/a","n/a"
"126243","Côtes-d'Armor Destination","436943","Campagne Communication Côtes-d'Armor Destination x Agence hémisphère Sud","3189086","Le couple en quête de déconnexion_Native Ad","ladepeche.fr","","Native","Standard","€29,86 ","€0,00 ","€0,00 ","8 241","34","0","€3,62 ","0,41%","0,00%","€0,88 ","n/a","0","€0,00 ","0,00%","n/a","n/a"
"126243","Côtes-d'Armor Destination","436943","Campagne Communication Côtes-d'Armor Destination x Agence hémisphère Sud","3189086","Le couple en quête de déconnexion_Native Ad","parismatch.com","","Native","Standard","€1,56 ","€0,00 ","€0,00 ","429","1","0","€3,63 ","0,23%","0,00%","€1,56 ","n/a","0","€0,00 ","0,00%","n/a","n/a"
"126243","Côtes-d'Armor Destination","436943","Campagne Communication Côtes-d'Armor Destination x Agence hémisphère Sud","3183139","La famille exploratrice_Display Ad","challenges.fr","","Display","Standard","€0,02 ","€0,00 ","€0,00 ","5","0","0","€3,96 ","0,00%","n/a","n/a","n/a","0","€0,00 ","0,00%","n/a","n/a"
"126243","Côtes-d'Armor Destination","436943","Campagne Communication Côtes-d'Armor Destination x Agence hémisphère Sud","3183139","La famille exploratrice_Display Ad","vogue.fr","","Display","Standard","€0,08 ","€0,00 ","€0,00 ","21","0","0","€3,95 ","0,00%","n/a","n/a","n/a","0","€0,00 ","0,00%","n/a","n/a"
"126243","Côtes-d'Armor Destination","436943","Campagne Communication Côtes-d'Armor Destination x Agence hémisphère Sud","3182542","La famille exploratrice_Native Ad","paruvendu.fr","","Native","Standard","€0,23 ","€0,00 ","€0,00 ","63","1","0","€3,70 ","1,59%","0,00%","€0,23 ","n/a","0","€0,00 ","0,00%","n/a","n/a"
"126243","Côtes-d'Armor Destination","436943","Campagne Communication Côtes-d'Armor Destination x Agence hémisphère Sud","3182542","La famille exploratrice_Native Ad","onzemondial.com","","Native","Standard","€0,12 ","€0,00 ","€0,00 ","32","0","0","€3,70 ","0,00%","n/a","n/a","n/a","0","€0,00 ","0,00%","n/a","n/a"
"126243","Côtes-d'Armor Destination","436943","Campagne Communication Côtes-d'Armor Destination x Agence hémisphère Sud","3189086","Le couple en quête de déconnexion_Native Ad","laviedesreines.com","","Native","Standard","€0,15 ","€0,00 ","€0,00 ","40","0","0","€3,70 ","0,00%","n/a","n/a","n/a","0","€0,00 ","0,00%","n/a","n/a"
"126243","Côtes-d'Armor Destination","436943","Campagne Communication Côtes-d'Armor Destination x Agence hémisphère Sud","3189086","Le couple en quête de déconnexion_Native Ad","vinted.fr","","Native","Standard","€2,89 ","€0,00 ","€0,00 ","822","0","0","€3,52 ","0,00%","n/a","n/a","n/a","0","€0,00 ","0,00%","n/a","n/a"
"126243","Côtes-d'Armor Destination","436943","Campagne Communication Côtes-d'Armor Destination x Agence hémisphère Sud","3183139","La famille exploratrice_Display Ad","leprogres.fr","","Display","Standard","€0,02 ","€0,00 ","€0,00 ","5","0","0","€3,80 ","0,00%","n/a","n/a","n/a","0","€0,00 ","0,00%","n/a","n/a"
"126243","Côtes-d'Armor Destination","436943","Campagne Communication Côtes-d'Armor Destination x Agence hémisphère Sud","3183139","La famille exploratrice_Display Ad","cotemaison.fr","","Display","Standard","€0,00 ","€0,00 ","€0,00 ","1","0","0","€3,76 ","0,00%","n/a","n/a","n/a","0","€0,00 ","0,00%","n/a","n/a"
"126243","Côtes-d'Armor Destination","436943","Campagne Communication Côtes-d'Armor Destination x Agence hémisphère Sud","3182542","La famille exploratrice_Native Ad","societe.com","","Native","Standard","€0,04 ","€0,00 ","€0,00 ","12","0","0","€3,71 ","0,00%","n/a","n/a","n/a","0","€0,00 ","0,00%","n/a","n/a"
"126243","Côtes-d'Armor Destination","436943","Campagne Communication Côtes-d'Armor Destination x Agence hémisphère Sud","3189086","Le couple en quête de déconnexion_Native Ad","rtl.fr","","Native","Standard","€0,46 ","€0,00 ","€0,00 ","137","0","0","€3,38 ","0,00%","n/a","n/a","n/a","0","€0,00 ","0,00%","n/a","n/a"
"126243","Côtes-d'Armor Destination","436943","Campagne Communication Côtes-d'Armor Destination x Agence hémisphère Sud","3183139","La famille exploratrice_Display Ad","gentside.com","","Display","Standard","€0,11 ","€0,00 ","€0,00 ","29","0","0","€3,90 ","0,00%","n/a","n/a","n/a","0","€0,00 ","0,00%","n/a","n/a"
"126243","Côtes-d'Armor Destination","436943","Campagne Communication Côtes-d'Armor Destination x Agence hémisphère Sud","3183139","La famille exploratrice_Display Ad","ladepeche.fr","","Display","Standard","€8,62 ","€0,00 ","€0,00 ","1 831","1","0","€4,71 ","0,05%","0,00%","€8,62 ","n/a","0","€0,00 ","0,00%","n/a","n/a"
"126243","Côtes-d'Armor Destination","436943","Campagne Communication Côtes-d'Armor Destination x Agence hémisphère Sud","3183430","Le couple en quête de déconnexion_Display Ad","parents.fr","","Display","Standard","€0,04 ","€0,00 ","€0,00 ","9","0","0","€3,96 ","0,00%","n/a","n/a","n/a","0","€0,00 ","0,00%","n/a","n/a"
"126243","Côtes-d'Armor Destination","436943","Campagne Communication Côtes-d'Armor Destination x Agence hémisphère Sud","3182542","La famille exploratrice_Native Ad","lepoint.fr","","Native","Standard","€0,31 ","€0,00 ","€0,00 ","85","0","0","€3,67 ","0,00%","n/a","n/a","n/a","0","€0,00 ","0,00%","n/a","n/a"
"126243","Côtes-d'Armor Destination","436943","Campagne Communication Côtes-d'Armor Destination x Agence hémisphère Sud","3183139","La famille exploratrice_Display Ad","maison-travaux.fr","","Display","Standard","€23,73 ","€0,00 ","€0,00 ","5 923","35","0","€4,01 ","0,59%","0,00%","€0,68 ","n/a","0","€0,00 ","0,00%","n/a","n/a"
"126243","Côtes-d'Armor Destination","436943","Campagne Communication Côtes-d'Armor Destination x Agence hémisphère Sud","3183139","La famille exploratrice_Display Ad","pausette.fr","","Display","Standard","€10,67 ","€0,00 ","€0,00 ","2 784","4","0","€3,83 ","0,14%","0,00%","€2,67 ","n/a","0","€0,00 ","0,00%","n/a","n/a"
"126243","Côtes-d'Armor Destination","436943","Campagne Communication Côtes-d'Armor Destination x Agence hémisphère Sud","3182542","La famille exploratrice_Native Ad","journaldesfemmes.fr","","Native","Standard","€3,09 ","€0,00 ","€0,00 ","843","4","0","€3,66 ","0,47%","0,00%","€0,77 ","n/a","0","€0,00 ","0,00%","n/a","n/a"
"126243","Côtes-d'Armor Destination","436943","Campagne Communication Côtes-d'Armor Destination x Agence hémisphère Sud","3182542","La famille exploratrice_Native Ad","detentejardin.com","","Native","Standard","€0,01 ","€0,00 ","€0,00 ","3","0","0","€3,62 ","0,00%","n/a","n/a","n/a","0","€0,00 ","0,00%","n/a","n/a"
"126243","Côtes-d'Armor Destination","436943","Campagne Communication Côtes-d'Armor Destination x Agence hémisphère Sud","3182542","La famille exploratrice_Native Ad","telestar.fr","","Native","Standard","€18,37 ","€0,00 ","€0,00 ","5 016","9","0","€3,66 ","0,18%","0,00%","€2,04 ","n/a","0","€0,00 ","0,00%","n/a","n/a"
"126243","Côtes-d'Armor Destination","436943","Campagne Communication Côtes-d'Armor Destination x Agence hémisphère Sud","3182542","La famille exploratrice_Native Ad","lamontagne.fr","","Native","Standard","€8,20 ","€0,00 ","€0,00 ","2 238","3","0","€3,66 ","0,13%","0,00%","€2,73 ","n/a","0","€0,00 ","0,00%","n/a","n/a"
"126243","Côtes-d'Armor Destination","436943","Campagne Communication Côtes-d'Armor Destination x Agence hémisphère Sud","3189086","Le couple en quête de déconnexion_Native Ad","bibamagazine.fr","","Native","Standard","€4,56 ","€0,00 ","€0,00 ","1 248","5","0","€3,65 ","0,40%","0,00%","€0,91 ","n/a","0","€0,00 ","0,00%","n/a","n/a"
"126243","Côtes-d'Armor Destination","436943","Campagne Communication Côtes-d'Armor Destination x Agence hémisphère Sud","3183139","La famille exploratrice_Display Ad","rtl.fr","","Display","Standard","€0,27 ","€0,00 ","€0,00 ","67","0","0","€4,02 ","0,00%","n/a","n/a","n/a","0","€0,00 ","0,00%","n/a","n/a"
"126243","Côtes-d'Armor Destination","436943","Campagne Communication Côtes-d'Armor Destination x Agence hémisphère Sud","3183139","La famille exploratrice_Display Ad","programme-tv.net","","Display","Standard","€2,34 ","€0,00 ","€0,00 ","584","0","0","€4,01 ","0,00%","n/a","n/a","n/a","0","€0,00 ","0,00%","n/a","n/a"
"126243","Côtes-d'Armor Destination","436943","Campagne Communication Côtes-d'Armor Destination x Agence hémisphère Sud","3182542","La famille exploratrice_Native Ad","futura-sciences.com","","Native","Standard","€4,21 ","€0,00 ","€0,00 ","1 144","9","0","€3,68 ","0,79%","0,00%","€0,47 ","n/a","0","€0,00 ","0,00%","n/a","n/a"
"126243","Côtes-d'Armor Destination","436943","Campagne Communication Côtes-d'Armor Destination x Agence hémisphère Sud","3189086","Le couple en quête de déconnexion_Native Ad","leparisien.fr","","Native","Standard","€9,00 ","€0,00 ","€0,00 ","2 464","6","0","€3,65 ","0,24%","0,00%","€1,50 ","n/a","0","€0,00 ","0,00%","n/a","n/a"
"126243","Côtes-d'Armor Destination","436943","Campagne Communication Côtes-d'Armor Destination x Agence hémisphère Sud","3189086","Le couple en quête de déconnexion_Native Ad","nouvelobs.com","","Native","Standard","€0,60 ","€0,00 ","€0,00 ","174","0","0","€3,47 ","0,00%","n/a","n/a","n/a","0","€0,00 ","0,00%","n/a","n/a"
"126243","Côtes-d'Armor Destination","436943","Campagne Communication Côtes-d'Armor Destination x Agence hémisphère Sud","3189086","Le couple en quête de déconnexion_Native Ad","midilibre.fr","","Native","Standard","€34,75 ","€0,00 ","€0,00 ","9 532","32","0","€3,65 ","0,34%","0,00%","€1,09 ","n/a","0","€0,00 ","0,00%","n/a","n/a"
"126243","Côtes-d'Armor Destination","436943","Campagne Communication Côtes-d'Armor Destination x Agence hémisphère Sud","3183139","La famille exploratrice_Display Ad","vanityfair.fr","","Display","Standard","€0,08 ","€0,00 ","€0,00 ","20","0","0","€3,78 ","0,00%","n/a","n/a","n/a","0","€0,00 ","0,00%","n/a","n/a"
"126243","Côtes-d'Armor Destination","436943","Campagne Communication Côtes-d'Armor Destination x Agence hémisphère Sud","3182542","La famille exploratrice_Native Ad","planete-deco.fr","","Native","Standard","€0,01 ","€0,00 ","€0,00 ","2","0","0","€3,67 ","0,00%","n/a","n/a","n/a","0","€0,00 ","0,00%","n/a","n/a"
"126243","Côtes-d'Armor Destination","436943","Campagne Communication Côtes-d'Armor Destination x Agence hémisphère Sud","3189086","Le couple en quête de déconnexion_Native Ad","lejournaldelamaison.fr","","Native","Standard","€5,01 ","€0,00 ","€0,00 ","1 370","7","0","€3,65 ","0,51%","0,00%","€0,72 ","n/a","0","€0,00 ","0,00%","n/a","n/a"
"126243","Côtes-d'Armor Destination","436943","Campagne Communication Côtes-d'Armor Destination x Agence hémisphère Sud","3183430","Le couple en quête de déconnexion_Display Ad","programme-tv.net","","Display","Standard","€2,73 ","€0,00 ","€0,00 ","697","0","0","€3,92 ","0,00%","n/a","n/a","n/a","0","€0,00 ","0,00%","n/a","n/a"
"126243","Côtes-d'Armor Destination","436943","Campagne Communication Côtes-d'Armor Destination x Agence hémisphère Sud","3183430","Le couple en quête de déconnexion_Display Ad","cuisineactuelle.fr","","Display","Standard","€0,37 ","€0,00 ","€0,00 ","92","0","0","€4,03 ","0,00%","n/a","n/a","n/a","0","€0,00 ","0,00%","n/a","n/a"
"126243","Côtes-d'Armor Destination","436943","Campagne Communication Côtes-d'Armor Destination x Agence hémisphère Sud","3183430","Le couple en quête de déconnexion_Display Ad","lexpress.fr","","Display","Standard","€0,04 ","€0,00 ","€0,00 ","9","0","0","€4,22 ","0,00%","n/a","n/a","n/a","0","€0,00 ","0,00%","n/a","n/a"
"126243","Côtes-d'Armor Destination","436943","Campagne Communication Côtes-d'Armor Destination x Agence hémisphère Sud","3182542","La famille exploratrice_Native Ad","lardennais.fr","","Native","Standard","€0,12 ","€0,00 ","€0,00 ","34","1","0","€3,59 ","2,94%","0,00%","€0,12 ","n/a","0","€0,00 ","0,00%","n/a","n/a"
"126243","Côtes-d'Armor Destination","436943","Campagne Communication Côtes-d'Armor Destination x Agence hémisphère Sud","3183430","Le couple en quête de déconnexion_Display Ad","notretemps.com","","Display","Standard","€0,15 ","€0,00 ","€0,00 ","34","0","0","€4,47 ","0,00%","n/a","n/a","n/a","0","€0,00 ","0,00%","n/a","n/a"
"126243","Côtes-d'Armor Destination","436943","Campagne Communication Côtes-d'Armor Destination x Agence hémisphère Sud","3183430","Le couple en quête de déconnexion_Display Ad","santeplusmag.com","","Display","Standard","€0,00 ","€0,00 ","€0,00 ","1","0","0","€4,65 ","0,00%","n/a","n/a","n/a","0","€0,00 ","0,00%","n/a","n/a"
"126243","Côtes-d'Armor Destination","436943","Campagne Communication Côtes-d'Armor Destination x Agence hémisphère Sud","3183430","Le couple en quête de déconnexion_Display Ad","parismatch.com","","Display","Standard","€0,44 ","€0,00 ","€0,00 ","103","0","0","€4,23 ","0,00%","n/a","n/a","n/a","0","€0,00 ","0,00%","n/a","n/a"
"126243","Côtes-d'Armor Destination","436943","Campagne Communication Côtes-d'Armor Destination x Agence hémisphère Sud","3182542","La famille exploratrice_Native Ad","lefigaro.fr","","Native","Standard","€0,12 ","€0,00 ","€0,00 ","33","0","0","€3,62 ","0,00%","n/a","n/a","n/a","0","€0,00 ","0,00%","n/a","n/a"
"126243","Côtes-d'Armor Destination","436943","Campagne Communication Côtes-d'Armor Destination x Agence hémisphère Sud","3189086","Le couple en quête de déconnexion_Native Ad","nytimes.com","","Native","Standard","€0,01 ","€0,00 ","€0,00 ","4","0","0","€3,65 ","0,00%","n/a","n/a","n/a","0","€0,00 ","0,00%","n/a","n/a"
"126243","Côtes-d'Armor Destination","436943","Campagne Communication Côtes-d'Armor Destination x Agence hémisphère Sud","3183139","La famille exploratrice_Display Ad","grazia.fr","","Display","Standard","€1,98 ","€0,00 ","€0,00 ","465","1","0","€4,26 ","0,22%","0,00%","€1,98 ","n/a","0","€0,00 ","0,00%","n/a","n/a"
"126243","Côtes-d'Armor Destination","436943","Campagne Communication Côtes-d'Armor Destination x Agence hémisphère Sud","3183430","Le couple en quête de déconnexion_Display Ad","charentelibre.fr","","Display","Standard","€0,15 ","€0,00 ","€0,00 ","39","0","0","€3,95 ","0,00%","n/a","n/a","n/a","0","€0,00 ","0,00%","n/a","n/a"
"126243","Côtes-d'Armor Destination","436943","Campagne Communication Côtes-d'Armor Destination x Agence hémisphère Sud","3183430","Le couple en quête de déconnexion_Display Ad","elle.fr","","Display","Standard","€0,02 ","€0,00 ","€0,00 ","4","0","0","€3,82 ","0,00%","n/a","n/a","n/a","0","€0,00 ","0,00%","n/a","n/a"
"126243","Côtes-d'Armor Destination","436943","Campagne Communication Côtes-d'Armor Destination x Agence hémisphère Sud","3183430","Le couple en quête de déconnexion_Display Ad","pausette.fr","","Display","Standard","€9,57 ","€0,00 ","€0,00 ","2 448","6","0","€3,91 ","0,25%","0,00%","€1,60 ","n/a","0","€0,00 ","0,00%","n/a","n/a"
"126243","Côtes-d'Armor Destination","436943","Campagne Communication Côtes-d'Armor Destination x Agence hémisphère Sud","3182542","La famille exploratrice_Native Ad","huffingtonpost.fr","","Native","Standard","€0,78 ","€0,00 ","€0,00 ","225","0","0","€3,46 ","0,00%","n/a","n/a","n/a","0","€0,00 ","0,00%","n/a","n/a"
"126243","Côtes-d'Armor Destination","436943","Campagne Communication Côtes-d'Armor Destination x Agence hémisphère Sud","3182542","La famille exploratrice_Native Ad","ladepeche.fr","","Native","Standard","€21,20 ","€0,00 ","€0,00 ","5 789","18","0","€3,66 ","0,31%","0,00%","€1,18 ","n/a","0","€0,00 ","0,00%","n/a","n/a"
"126243","Côtes-d'Armor Destination","436943","Campagne Communication Côtes-d'Armor Destination x Agence hémisphère Sud","3189086","Le couple en quête de déconnexion_Native Ad","lesechos.fr","","Native","Standard","€0,90 ","€0,00 ","€0,00 ","270","0","0","€3,32 ","0,00%","n/a","n/a","n/a","0","€0,00 ","0,00%","n/a","n/a"
"126243","Côtes-d'Armor Destination","436943","Campagne Communication Côtes-d'Armor Destination x Agence hémisphère Sud","3183430","Le couple en quête de déconnexion_Display Ad","laposte.net","","Display","Standard","€0,02 ","€0,00 ","€0,00 ","5","0","0","€4,38 ","0,00%","n/a","n/a","n/a","0","€0,00 ","0,00%","n/a","n/a"
"126243","Côtes-d'Armor Destination","436943","Campagne Communication Côtes-d'Armor Destination x Agence hémisphère Sud","3183430","Le couple en quête de déconnexion_Display Ad","viepratique.fr","","Display","Standard","€1,40 ","€0,00 ","€0,00 ","345","2","0","€4,06 ","0,58%","0,00%","€0,70 ","n/a","0","€0,00 ","0,00%","n/a","n/a"
"126243","Côtes-d'Armor Destination","436943","Campagne Communication Côtes-d'Armor Destination x Agence hémisphère Sud","3183430","Le couple en quête de déconnexion_Display Ad","centrepresseaveyron.fr","","Display","Standard","€0,66 ","€0,00 ","€0,00 ","161","0","0","€4,12 ","0,00%","n/a","n/a","n/a","0","€0,00 ","0,00%","n/a","n/a"
"126243","Côtes-d'Armor Destination","436943","Campagne Communication Côtes-d'Armor Destination x Agence hémisphère Sud","3183139","La famille exploratrice_Display Ad","lemonde.fr","","Display","Standard","€0,46 ","€0,00 ","€0,00 ","108","0","0","€4,29 ","0,00%","n/a","n/a","n/a","0","€0,00 ","0,00%","n/a","n/a"
"126243","Côtes-d'Armor Destination","436943","Campagne Communication Côtes-d'Armor Destination x Agence hémisphère Sud","3183139","La famille exploratrice_Display Ad","ledauphine.com","","Display","Standard","€0,04 ","€0,00 ","€0,00 ","9","0","0","€4,33 ","0,00%","n/a","n/a","n/a","0","€0,00 ","0,00%","n/a","n/a"
"126243","Côtes-d'Armor Destination","436943","Campagne Communication Côtes-d'Armor Destination x Agence hémisphère Sud","3183139","La famille exploratrice_Display Ad","telerama.fr","","Display","Standard","€0,00 ","€0,00 ","€0,00 ","1","0","0","€3,86 ","0,00%","n/a","n/a","n/a","0","€0,00 ","0,00%","n/a","n/a"
"126243","Côtes-d'Armor Destination","436943","Campagne Communication Côtes-d'Armor Destination x Agence hémisphère Sud","3183430","Le couple en quête de déconnexion_Display Ad","liberation.fr","","Display","Standard","€1,18 ","€0,00 ","€0,00 ","295","1","0","€4,01 ","0,34%","0,00%","€1,18 ","n/a","0","€0,00 ","0,00%","n/a","n/a"
"126243","Côtes-d'Armor Destination","436943","Campagne Communication Côtes-d'Armor Destination x Agence hémisphère Sud","3183430","Le couple en quête de déconnexion_Display Ad","telestar.fr","","Display","Standard","€5,78 ","€0,00 ","€0,00 ","1 455","4","0","€3,97 ","0,27%","0,00%","€1,45 ","n/a","0","€0,00 ","0,00%","n/a","n/a"
"126243","Côtes-d'Armor Destination","436943","Campagne Communication Côtes-d'Armor Destination x Agence hémisphère Sud","3183430","Le couple en quête de déconnexion_Display Ad","caminteresse.fr","","Display","Standard","€0,70 ","€0,00 ","€0,00 ","177","0","0","€3,94 ","0,00%","n/a","n/a","n/a","0","€0,00 ","0,00%","n/a","n/a"
"126243","Côtes-d'Armor Destination","436943","Campagne Communication Côtes-d'Armor Destination x Agence hémisphère Sud","3183430","Le couple en quête de déconnexion_Display Ad","deco.fr","","Display","Standard","€0,13 ","€0,00 ","€0,00 ","33","0","0","€3,93 ","0,00%","n/a","n/a","n/a","0","€0,00 ","0,00%","n/a","n/a"
"126243","Côtes-d'Armor Destination","436943","Campagne Communication Côtes-d'Armor Destination x Agence hémisphère Sud","3182542","La famille exploratrice_Native Ad","lavoixdunord.fr","","Native","Standard","€7,08 ","€0,00 ","€0,00 ","1 934","10","0","€3,66 ","0,52%","0,00%","€0,71 ","n/a","0","€0,00 ","0,00%","n/a","n/a"
"126243","Côtes-d'Armor Destination","436943","Campagne Communication Côtes-d'Armor Destination x Agence hémisphère Sud","3189086","Le couple en quête de déconnexion_Native Ad","programme-television.org","","Native","Standard","€14,64 ","€0,00 ","€0,00 ","3 987","57","0","€3,67 ","1,43%","0,00%","€0,26 ","n/a","0","€0,00 ","0,00%","n/a","n/a"
"126243","Côtes-d'Armor Destination","436943","Campagne Communication Côtes-d'Armor Destination x Agence hémisphère Sud","3183139","La famille exploratrice_Display Ad","societe.com","","Display","Standard","€0,01 ","€0,00 ","€0,00 ","2","0","0","€4,12 ","0,00%","n/a","n/a","n/a","0","€0,00 ","0,00%","n/a","n/a"
"126243","Côtes-d'Armor Destination","436943","Campagne Communication Côtes-d'Armor Destination x Agence hémisphère Sud","3183430","Le couple en quête de déconnexion_Display Ad","paruvendu.fr","","Display","Standard","€0,02 ","€0,00 ","€0,00 ","4","0","0","€4,69 ","0,00%","n/a","n/a","n/a","0","€0,00 ","0,00%","n/a","n/a"
"126243","Côtes-d'Armor Destination","436943","Campagne Communication Côtes-d'Armor Destination x Agence hémisphère Sud","3183430","Le couple en quête de déconnexion_Display Ad","gentside.com","","Display","Standard","€0,17 ","€0,00 ","€0,00 ","43","0","0","€3,87 ","0,00%","n/a","n/a","n/a","0","€0,00 ","0,00%","n/a","n/a"
"126243","Côtes-d'Armor Destination","436943","Campagne Communication Côtes-d'Armor Destination x Agence hémisphère Sud","3183430","Le couple en quête de déconnexion_Display Ad","leprogres.fr","","Display","Standard","€0,01 ","€0,00 ","€0,00 ","3","0","0","€4,17 ","0,00%","n/a","n/a","n/a","0","€0,00 ","0,00%","n/a","n/a"
"126243","Côtes-d'Armor Destination","436943","Campagne Communication Côtes-d'Armor Destination x Agence hémisphère Sud","3182542","La famille exploratrice_Native Ad","sudouest.fr","","Native","Standard","€0,44 ","€0,00 ","€0,00 ","119","0","0","€3,71 ","0,00%","n/a","n/a","n/a","0","€0,00 ","0,00%","n/a","n/a"
"126243","Côtes-d'Armor Destination","436943","Campagne Communication Côtes-d'Armor Destination x Agence hémisphère Sud","3182542","La famille exploratrice_Native Ad","lunion.fr","","Native","Standard","€0,30 ","€0,00 ","€0,00 ","84","0","0","€3,56 ","0,00%","n/a","n/a","n/a","0","€0,00 ","0,00%","n/a","n/a"
"126243","Côtes-d'Armor Destination","436943","Campagne Communication Côtes-d'Armor Destination x Agence hémisphère Sud","3183139","La famille exploratrice_Display Ad","lejournaldelamaison.fr","","Display","Standard","€2,19 ","€0,00 ","€0,00 ","528","2","0","€4,16 ","0,38%","0,00%","€1,10 ","n/a","0","€0,00 ","0,00%","n/a","n/a"
"126243","Côtes-d'Armor Destination","436943","Campagne Communication Côtes-d'Armor Destination x Agence hémisphère Sud","3183430","Le couple en quête de déconnexion_Display Ad","vinted.fr","","Display","Standard","€1,65 ","€0,00 ","€0,00 ","437","0","0","€3,78 ","0,00%","n/a","n/a","n/a","0","€0,00 ","0,00%","n/a","n/a"
"126243","Côtes-d'Armor Destination","436943","Campagne Communication Côtes-d'Armor Destination x Agence hémisphère Sud","3182542","La famille exploratrice_Native Ad","marmiton.org","","Native","Standard","€58,29 ","€0,00 ","€0,00 ","16 321","30","0","€3,57 ","0,18%","0,00%","€1,94 ","n/a","0","€0,00 ","0,00%","n/a","n/a"
"126243","Côtes-d'Armor Destination","436943","Campagne Communication Côtes-d'Armor Destination x Agence hémisphère Sud","3183139","La famille exploratrice_Display Ad","lavoixdunord.fr","","Display","Standard","€0,08 ","€0,00 ","€0,00 ","18","0","0","€4,58 ","0,00%","n/a","n/a","n/a","0","€0,00 ","0,00%","n/a","n/a"
"126243","Côtes-d'Armor Destination","436943","Campagne Communication Côtes-d'Armor Destination x Agence hémisphère Sud","3183139","La famille exploratrice_Display Ad","marieclaire.fr","","Display","Standard","€0,19 ","€0,00 ","€0,00 ","47","1","0","€3,96 ","2,13%","0,00%","€0,19 ","n/a","0","€0,00 ","0,00%","n/a","n/a"
"126243","Côtes-d'Armor Destination","436943","Campagne Communication Côtes-d'Armor Destination x Agence hémisphère Sud","3183430","Le couple en quête de déconnexion_Display Ad","capital.fr","","Display","Standard","€0,65 ","€0,00 ","€0,00 ","164","0","0","€3,96 ","0,00%","n/a","n/a","n/a","0","€0,00 ","0,00%","n/a","n/a"
"126243","Côtes-d'Armor Destination","436943","Campagne Communication Côtes-d'Armor Destination x Agence hémisphère Sud","3182542","La famille exploratrice_Native Ad","bibamagazine.fr","","Native","Standard","€6,66 ","€0,00 ","€0,00 ","1 818","9","0","€3,66 ","0,50%","0,00%","€0,74 ","n/a","0","€0,00 ","0,00%","n/a","n/a"
"126243","Côtes-d'Armor Destination","436943","Campagne Communication Côtes-d'Armor Destination x Agence hémisphère Sud","3182542","La famille exploratrice_Native Ad","midilibre.fr","","Native","Standard","€26,70 ","€0,00 ","€0,00 ","7 299","15","0","€3,66 ","0,21%","0,00%","€1,78 ","n/a","0","€0,00 ","0,00%","n/a","n/a"
"126243","Côtes-d'Armor Destination","436943","Campagne Communication Côtes-d'Armor Destination x Agence hémisphère Sud","3189086","Le couple en quête de déconnexion_Native Ad","lindependant.fr","","Native","Standard","€3,70 ","€0,00 ","€0,00 ","1 027","0","0","€3,60 ","0,00%","n/a","n/a","n/a","0","€0,00 ","0,00%","n/a","n/a"
"126243","Côtes-d'Armor Destination","436943","Campagne Communication Côtes-d'Armor Destination x Agence hémisphère Sud","3183139","La famille exploratrice_Display Ad","futura-sciences.com","","Display","Standard","€2,26 ","€0,00 ","€0,00 ","569","1","0","€3,96 ","0,18%","0,00%","€2,26 ","n/a","0","€0,00 ","0,00%","n/a","n/a"
"126243","Côtes-d'Armor Destination","436943","Campagne Communication Côtes-d'Armor Destination x Agence hémisphère Sud","3183139","La famille exploratrice_Display Ad","planet.fr","","Display","Standard","€4,63 ","€0,00 ","€0,00 ","1 199","9","0","€3,86 ","0,75%","0,00%","€0,51 ","n/a","0","€0,00 ","0,00%","n/a","n/a"
"126243","Côtes-d'Armor Destination","436943","Campagne Communication Côtes-d'Armor Destination x Agence hémisphère Sud","3183430","Le couple en quête de déconnexion_Display Ad","bfmtv.com","","Display","Standard","€4,13 ","€0,00 ","€0,00 ","950","1","0","€4,34 ","0,11%","0,00%","€4,13 ","n/a","0","€0,00 ","0,00%","n/a","n/a"
"126243","Côtes-d'Armor Destination","436943","Campagne Communication Côtes-d'Armor Destination x Agence hémisphère Sud","3182542","La famille exploratrice_Native Ad","mariefrance.fr","","Native","Standard","€54,64 ","€0,00 ","€0,00 ","15 144","49","0","€3,61 ","0,32%","0,00%","€1,12 ","n/a","0","€0,00 ","0,00%","n/a","n/a"
"126243","Côtes-d'Armor Destination","436943","Campagne Communication Côtes-d'Armor Destination x Agence hémisphère Sud","3182542","La famille exploratrice_Native Ad","orange.fr","","Native","Standard","€6,07 ","€0,00 ","€0,00 ","1 657","0","0","€3,66 ","0,00%","n/a","n/a","n/a","0","€0,00 ","0,00%","n/a","n/a"
"126243","Côtes-d'Armor Destination","436943","Campagne Communication Côtes-d'Armor Destination x Agence hémisphère Sud","3182542","La famille exploratrice_Native Ad","elle.fr","","Native","Standard","€0,08 ","€0,00 ","€0,00 ","22","0","0","€3,61 ","0,00%","n/a","n/a","n/a","0","€0,00 ","0,00%","n/a","n/a"
"126243","Côtes-d'Armor Destination","436943","Campagne Communication Côtes-d'Armor Destination x Agence hémisphère Sud","3189086","Le couple en quête de déconnexion_Native Ad","rfi.fr","","Native","Standard","€0,02 ","€0,00 ","€0,00 ","5","0","0","€3,74 ","0,00%","n/a","n/a","n/a","0","€0,00 ","0,00%","n/a","n/a"
"126243","Côtes-d'Armor Destination","436943","Campagne Communication Côtes-d'Armor Destination x Agence hémisphère Sud","3189086","Le couple en quête de déconnexion_Native Ad","sudouest.fr","","Native","Standard","€0,71 ","€0,00 ","€0,00 ","193","0","0","€3,69 ","0,00%","n/a","n/a","n/a","0","€0,00 ","0,00%","n/a","n/a"
"126243","Côtes-d'Armor Destination","436943","Campagne Communication Côtes-d'Armor Destination x Agence hémisphère Sud","3183139","La famille exploratrice_Display Ad","lardennais.fr","","Display","Standard","€0,13 ","€0,00 ","€0,00 ","32","0","0","€4,09 ","0,00%","n/a","n/a","n/a","0","€0,00 ","0,00%","n/a","n/a"
"126243","Côtes-d'Armor Destination","436943","Campagne Communication Côtes-d'Armor Destination x Agence hémisphère Sud","3183430","Le couple en quête de déconnexion_Display Ad","corsematin.com","","Display","Standard","€0,05 ","€0,00 ","€0,00 ","12","0","0","€4,15 ","0,00%","n/a","n/a","n/a","0","€0,00 ","0,00%","n/a","n/a"
"126243","Côtes-d'Armor Destination","436943","Campagne Communication Côtes-d'Armor Destination x Agence hémisphère Sud","3183430","Le couple en quête de déconnexion_Display Ad","planete-deco.fr","","Display","Standard","€0,01 ","€0,00 ","€0,00 ","2","0","0","€3,74 ","0,00%","n/a","n/a","n/a","0","€0,00 ","0,00%","n/a","n/a"
"126243","Côtes-d'Armor Destination","436943","Campagne Communication Côtes-d'Armor Destination x Agence hémisphère Sud","3183430","Le couple en quête de déconnexion_Display Ad","demotivateur.fr","","Display","Standard","€2,45 ","€0,00 ","€0,00 ","620","1","0","€3,96 ","0,16%","0,00%","€2,45 ","n/a","0","€0,00 ","0,00%","n/a","n/a"
"126243","Côtes-d'Armor Destination","436943","Campagne Communication Côtes-d'Armor Destination x Agence hémisphère Sud","3182542","La famille exploratrice_Native Ad","nytimes.com","","Native","Standard","€0,00 ","€0,00 ","€0,00 ","1","0","0","€3,73 ","0,00%","n/a","n/a","n/a","0","€0,00 ","0,00%","n/a","n/a"
"126243","Côtes-d'Armor Destination","436943","Campagne Communication Côtes-d'Armor Destination x Agence hémisphère Sud","3182542","La famille exploratrice_Native Ad","lindependant.fr","","Native","Standard","€1,93 ","€0,00 ","€0,00 ","526","0","0","€3,66 ","0,00%","n/a","n/a","n/a","0","€0,00 ","0,00%","n/a","n/a"
"126243","Côtes-d'Armor Destination","436943","Campagne Communication Côtes-d'Armor Destination x Agence hémisphère Sud","3189086","Le couple en quête de déconnexion_Native Ad","maison-travaux.fr","","Native","Standard","€19,33 ","€0,00 ","€0,00 ","5 292","25","0","€3,65 ","0,47%","0,00%","€0,77 ","n/a","0","€0,00 ","0,00%","n/a","n/a"
"126243","Côtes-d'Armor Destination","436943","Campagne Communication Côtes-d'Armor Destination x Agence hémisphère Sud","3189086","Le couple en quête de déconnexion_Native Ad","lunion.fr","","Native","Standard","€0,31 ","€0,00 ","€0,00 ","85","0","0","€3,68 ","0,00%","n/a","n/a","n/a","0","€0,00 ","0,00%","n/a","n/a"
"126243","Côtes-d'Armor Destination","436943","Campagne Communication Côtes-d'Armor Destination x Agence hémisphère Sud","3183139","La famille exploratrice_Display Ad","linternaute.com","","Display","Standard","€0,80 ","€0,00 ","€0,00 ","204","0","0","€3,92 ","0,00%","n/a","n/a","n/a","0","€0,00 ","0,00%","n/a","n/a"
"126243","Côtes-d'Armor Destination","436943","Campagne Communication Côtes-d'Armor Destination x Agence hémisphère Sud","3183430","Le couple en quête de déconnexion_Display Ad","ouest-france.fr","","Display","Standard","€0,00 ","€0,00 ","€0,00 ","1","0","0","€4,77 ","0,00%","n/a","n/a","n/a","0","€0,00 ","0,00%","n/a","n/a"
"126243","Côtes-d'Armor Destination","436943","Campagne Communication Côtes-d'Armor Destination x Agence hémisphère Sud","3189086","Le couple en quête de déconnexion_Native Ad","estrepublicain.fr","","Native","Standard","€0,72 ","€0,00 ","€0,00 ","200","0","0","€3,61 ","0,00%","n/a","n/a","n/a","0","€0,00 ","0,00%","n/a","n/a"
"126243","Côtes-d'Armor Destination","436943","Campagne Communication Côtes-d'Armor Destination x Agence hémisphère Sud","3189086","Le couple en quête de déconnexion_Native Ad","terrafemina.com","","Native","Standard","€0,17 ","€0,00 ","€0,00 ","45","0","0","€3,71 ","0,00%","n/a","n/a","n/a","0","€0,00 ","0,00%","n/a","n/a"
"126243","Côtes-d'Armor Destination","436943","Campagne Communication Côtes-d'Armor Destination x Agence hémisphère Sud","3182542","La famille exploratrice_Native Ad","vanityfair.fr","","Native","Standard","€0,03 ","€0,00 ","€0,00 ","7","0","0","€3,72 ","0,00%","n/a","n/a","n/a","0","€0,00 ","0,00%","n/a","n/a"
"126243","Côtes-d'Armor Destination","436943","Campagne Communication Côtes-d'Armor Destination x Agence hémisphère Sud","3182542","La famille exploratrice_Native Ad","capital.fr","","Native","Standard","€3,50 ","€0,00 ","€0,00 ","955","2","0","€3,66 ","0,21%","0,00%","€1,75 ","n/a","0","€0,00 ","0,00%","n/a","n/a"
"126243","Côtes-d'Armor Destination","436943","Campagne Communication Côtes-d'Armor Destination x Agence hémisphère Sud","3189086","Le couple en quête de déconnexion_Native Ad","demotivateur.fr","","Native","Standard","€10,12 ","€0,00 ","€0,00 ","2 774","14","0","€3,65 ","0,50%","0,00%","€0,72 ","n/a","0","€0,00 ","0,00%","n/a","n/a"
"126243","Côtes-d'Armor Destination","436943","Campagne Communication Côtes-d'Armor Destination x Agence hémisphère Sud","3189086","Le couple en quête de déconnexion_Native Ad","marieclaire.fr","","Native","Standard","€5,08 ","€0,00 ","€0,00 ","1 395","7","0","€3,64 ","0,50%","0,00%","€0,73 ","n/a","0","€0,00 ","0,00%","n/a","n/a"
"126243","Côtes-d'Armor Destination","436943","Campagne Communication Côtes-d'Armor Destination x Agence hémisphère Sud","3183139","La famille exploratrice_Display Ad","ouest-france.fr","","Display","Standard","€0,00 ","€0,00 ","€0,00 ","1","0","0","€4,72 ","0,00%","n/a","n/a","n/a","0","€0,00 ","0,00%","n/a","n/a"
"126243","Côtes-d'Armor Destination","436943","Campagne Communication Côtes-d'Armor Destination x Agence hémisphère Sud","3183139","La famille exploratrice_Display Ad","laposte.net","","Display","Standard","€0,01 ","€0,00 ","€0,00 ","3","0","0","€4,73 ","0,00%","n/a","n/a","n/a","0","€0,00 ","0,00%","n/a","n/a"
"126243","Côtes-d'Armor Destination","436943","Campagne Communication Côtes-d'Armor Destination x Agence hémisphère Sud","3189086","Le couple en quête de déconnexion_Native Ad","aufeminin.com","","Native","Standard","€3,53 ","€0,00 ","€0,00 ","966","2","0","€3,65 ","0,21%","0,00%","€1,76 ","n/a","0","€0,00 ","0,00%","n/a","n/a"
"126243","Côtes-d'Armor Destination","436943","Campagne Communication Côtes-d'Armor Destination x Agence hémisphère Sud","3189086","Le couple en quête de déconnexion_Native Ad","linternaute.com","","Native","Standard","€5,12 ","€0,00 ","€0,00 ","1 388","36","0","€3,69 ","2,59%","0,00%","€0,14 ","n/a","0","€0,00 ","0,00%","n/a","n/a"
"126243","Côtes-d'Armor Destination","436943","Campagne Communication Côtes-d'Armor Destination x Agence hémisphère Sud","3183139","La famille exploratrice_Display Ad","free.fr","","Display","Standard","€0,00 ","€0,00 ","€0,00 ","1","0","0","€3,87 ","0,00%","n/a","n/a","n/a","0","€0,00 ","0,00%","n/a","n/a"
"126243","Côtes-d'Armor Destination","436943","Campagne Communication Côtes-d'Armor Destination x Agence hémisphère Sud","3183139","La famille exploratrice_Display Ad","telestar.fr","","Display","Standard","€5,60 ","€0,00 ","€0,00 ","1 374","2","0","€4,07 ","0,15%","0,00%","€2,80 ","n/a","0","€0,00 ","0,00%","n/a","n/a"
"126243","Côtes-d'Armor Destination","436943","Campagne Communication Côtes-d'Armor Destination x Agence hémisphère Sud","3183139","La famille exploratrice_Display Ad","cuisineactuelle.fr","","Display","Standard","€0,24 ","€0,00 ","€0,00 ","54","0","0","€4,43 ","0,00%","n/a","n/a","n/a","0","€0,00 ","0,00%","n/a","n/a"
"126243","Côtes-d'Armor Destination","436943","Campagne Communication Côtes-d'Armor Destination x Agence hémisphère Sud","3189086","Le couple en quête de déconnexion_Native Ad","planet.fr","","Native","Standard","€9,63 ","€0,00 ","€0,00 ","2 609","67","0","€3,69 ","2,57%","0,00%","€0,14 ","n/a","0","€0,00 ","0,00%","n/a","n/a"
"126243","Côtes-d'Armor Destination","436943","Campagne Communication Côtes-d'Armor Destination x Agence hémisphère Sud","3182542","La famille exploratrice_Native Ad","ledauphine.com","","Native","Standard","€0,42 ","€0,00 ","€0,00 ","113","0","0","€3,68 ","0,00%","n/a","n/a","n/a","0","€0,00 ","0,00%","n/a","n/a"
"126243","Côtes-d'Armor Destination","436943","Campagne Communication Côtes-d'Armor Destination x Agence hémisphère Sud","3189086","Le couple en quête de déconnexion_Native Ad","autonews.fr","","Native","Standard","€0,17 ","€0,00 ","€0,00 ","45","0","0","€3,68 ","0,00%","n/a","n/a","n/a","0","€0,00 ","0,00%","n/a","n/a"
"126243","Côtes-d'Armor Destination","436943","Campagne Communication Côtes-d'Armor Destination x Agence hémisphère Sud","3183139","La famille exploratrice_Display Ad","aufeminin.com","","Display","Standard","€1,04 ","€0,00 ","€0,00 ","255","1","0","€4,09 ","0,39%","0,00%","€1,04 ","n/a","0","€0,00 ","0,00%","n/a","n/a"
"126243","Côtes-d'Armor Destination","436943","Campagne Communication Côtes-d'Armor Destination x Agence hémisphère Sud","3183430","Le couple en quête de déconnexion_Display Ad","admagazine.fr","","Display","Standard","€0,45 ","€0,00 ","€0,00 ","120","0","0","€3,76 ","0,00%","n/a","n/a","n/a","0","€0,00 ","0,00%","n/a","n/a"
"126243","Côtes-d'Armor Destination","436943","Campagne Communication Côtes-d'Armor Destination x Agence hémisphère Sud","3182542","La famille exploratrice_Native Ad","nouvelobs.com","","Native","Standard","€0,57 ","€0,00 ","€0,00 ","157","1","0","€3,65 ","0,64%","0,00%","€0,57 ","n/a","0","€0,00 ","0,00%","n/a","n/a"
"126243","Côtes-d'Armor Destination","436943","Campagne Communication Côtes-d'Armor Destination x Agence hémisphère Sud","3189086","Le couple en quête de déconnexion_Native Ad","detentejardin.com","","Native","Standard","€0,03 ","€0,00 ","€0,00 ","9","0","0","€3,19 ","0,00%","n/a","n/a","n/a","0","€0,00 ","0,00%","n/a","n/a"
"126243","Côtes-d'Armor Destination","436943","Campagne Communication Côtes-d'Armor Destination x Agence hémisphère Sud","3189086","Le couple en quête de déconnexion_Native Ad","ledauphine.com","","Native","Standard","€0,49 ","€0,00 ","€0,00 ","145","0","0","€3,38 ","0,00%","n/a","n/a","n/a","0","€0,00 ","0,00%","n/a","n/a"
"126243","Côtes-d'Armor Destination","436943","Campagne Communication Côtes-d'Armor Destination x Agence hémisphère Sud","3189086","Le couple en quête de déconnexion_Native Ad","allocine.fr","","Native","Standard","€44,78 ","€0,00 ","€0,00 ","12 221","140","0","€3,66 ","1,15%","0,00%","€0,32 ","n/a","0","€0,00 ","0,00%","n/a","n/a"
"126243","Côtes-d'Armor Destination","436943","Campagne Communication Côtes-d'Armor Destination x Agence hémisphère Sud","3183430","Le couple en quête de déconnexion_Display Ad","cosmopolitan.fr","","Display","Standard","€0,43 ","€0,00 ","€0,00 ","114","1","0","€3,78 ","0,88%","0,00%","€0,43 ","n/a","0","€0,00 ","0,00%","n/a","n/a"
"126243","Côtes-d'Armor Destination","436943","Campagne Communication Côtes-d'Armor Destination x Agence hémisphère Sud","3182542","La famille exploratrice_Native Ad","charentelibre.fr","","Native","Standard","€0,66 ","€0,00 ","€0,00 ","183","0","0","€3,63 ","0,00%","n/a","n/a","n/a","0","€0,00 ","0,00%","n/a","n/a"
"126243","Côtes-d'Armor Destination","436943","Campagne Communication Côtes-d'Armor Destination x Agence hémisphère Sud","3182542","La famille exploratrice_Native Ad","latribune.fr","","Native","Standard","€0,12 ","€0,00 ","€0,00 ","34","0","0","€3,66 ","0,00%","n/a","n/a","n/a","0","€0,00 ","0,00%","n/a","n/a"
"126243","Côtes-d'Armor Destination","436943","Campagne Communication Côtes-d'Armor Destination x Agence hémisphère Sud","3182542","La famille exploratrice_Native Ad","femmeactuelle.fr","","Native","Standard","€58,23 ","€0,00 ","€0,00 ","15 867","210","0","€3,67 ","1,32%","0,00%","€0,28 ","n/a","0","€0,00 ","0,00%","n/a","n/a"
"126243","Côtes-d'Armor Destination","436943","Campagne Communication Côtes-d'Armor Destination x Agence hémisphère Sud","3189086","Le couple en quête de déconnexion_Native Ad","journaldesfemmes.fr","","Native","Standard","€3,68 ","€0,00 ","€0,00 ","1 008","15","0","€3,65 ","1,49%","0,00%","€0,25 ","n/a","0","€0,00 ","0,00%","n/a","n/a"
"126243","Côtes-d'Armor Destination","436943","Campagne Communication Côtes-d'Armor Destination x Agence hémisphère Sud","3183139","La famille exploratrice_Display Ad","journaldesfemmes.fr","","Display","Standard","€0,42 ","€0,00 ","€0,00 ","105","0","0","€3,96 ","0,00%","n/a","n/a","n/a","0","€0,00 ","0,00%","n/a","n/a"
"126243","Côtes-d'Armor Destination","436943","Campagne Communication Côtes-d'Armor Destination x Agence hémisphère Sud","3182542","La famille exploratrice_Native Ad","estrepublicain.fr","","Native","Standard","€0,40 ","€0,00 ","€0,00 ","108","0","0","€3,69 ","0,00%","n/a","n/a","n/a","0","€0,00 ","0,00%","n/a","n/a"
"126243","Côtes-d'Armor Destination","436943","Campagne Communication Côtes-d'Armor Destination x Agence hémisphère Sud","3189086","Le couple en quête de déconnexion_Native Ad","lamontagne.fr","","Native","Standard","€8,79 ","€0,00 ","€0,00 ","2 415","7","0","€3,64 ","0,29%","0,00%","€1,26 ","n/a","0","€0,00 ","0,00%","n/a","n/a"
"126243","Côtes-d'Armor Destination","436943","Campagne Communication Côtes-d'Armor Destination x Agence hémisphère Sud","3183430","Le couple en quête de déconnexion_Display Ad","laviedesreines.com","","Display","Standard","€0,08 ","€0,00 ","€0,00 ","17","0","0","€4,63 ","0,00%","n/a","n/a","n/a","0","€0,00 ","0,00%","n/a","n/a"
"126243","Côtes-d'Armor Destination","436943","Campagne Communication Côtes-d'Armor Destination x Agence hémisphère Sud","3183430","Le couple en quête de déconnexion_Display Ad","maison-travaux.fr","","Display","Standard","€13,89 ","€0,00 ","€0,00 ","3 490","22","0","€3,98 ","0,63%","0,00%","€0,63 ","n/a","0","€0,00 ","0,00%","n/a","n/a"
"126243","Côtes-d'Armor Destination","436943","Campagne Communication Côtes-d'Armor Destination x Agence hémisphère Sud","3183430","Le couple en quête de déconnexion_Display Ad","nytimes.com","","Display","Standard","€0,00 ","€0,00 ","€0,00 ","1","0","0","€4,67 ","0,00%","n/a","n/a","n/a","0","€0,00 ","0,00%","n/a","n/a"
"126243","Côtes-d'Armor Destination","436943","Campagne Communication Côtes-d'Armor Destination x Agence hémisphère Sud","3183430","Le couple en quête de déconnexion_Display Ad","lavoixdunord.fr","","Display","Standard","€0,16 ","€0,00 ","€0,00 ","36","0","0","€4,48 ","0,00%","n/a","n/a","n/a","0","€0,00 ","0,00%","n/a","n/a"
"126243","Côtes-d'Armor Destination","436943","Campagne Communication Côtes-d'Armor Destination x Agence hémisphère Sud","3182542","La famille exploratrice_Native Ad","sports.fr","","Native","Standard","€22,43 ","€0,00 ","€0,00 ","6 267","17","0","€3,58 ","0,27%","0,00%","€1,32 ","n/a","0","€0,00 ","0,00%","n/a","n/a"
"126243","Côtes-d'Armor Destination","436943","Campagne Communication Côtes-d'Armor Destination x Agence hémisphère Sud","3182542","La famille exploratrice_Native Ad","programme-tv.net","","Native","Standard","€68,97 ","€0,00 ","€0,00 ","18 922","323","0","€3,65 ","1,71%","0,00%","€0,21 ","n/a","0","€0,00 ","0,00%","n/a","n/a"
"126243","Côtes-d'Armor Destination","436943","Campagne Communication Côtes-d'Armor Destination x Agence hémisphère Sud","3182542","La famille exploratrice_Native Ad","planet.fr","","Native","Standard","€21,72 ","€0,00 ","€0,00 ","5 891","110","0","€3,69 ","1,87%","0,00%","€0,20 ","n/a","0","€0,00 ","0,00%","n/a","n/a"
"126243","Côtes-d'Armor Destination","436943","Campagne Communication Côtes-d'Armor Destination x Agence hémisphère Sud","3189086","Le couple en quête de déconnexion_Native Ad","notretemps.com","","Native","Standard","€2,66 ","€0,00 ","€0,00 ","755","0","0","€3,53 ","0,00%","n/a","n/a","n/a","0","€0,00 ","0,00%","n/a","n/a"
"126243","Côtes-d'Armor Destination","436943","Campagne Communication Côtes-d'Armor Destination x Agence hémisphère Sud","3189086","Le couple en quête de déconnexion_Native Ad","latribune.fr","","Native","Standard","€0,09 ","€0,00 ","€0,00 ","33","0","0","€2,85 ","0,00%","n/a","n/a","n/a","0","€0,00 ","0,00%","n/a","n/a"
"126243","Côtes-d'Armor Destination","436943","Campagne Communication Côtes-d'Armor Destination x Agence hémisphère Sud","3183139","La famille exploratrice_Display Ad","leparisien.fr","","Display","Standard","€0,17 ","€0,00 ","€0,00 ","38","0","0","€4,45 ","0,00%","n/a","n/a","n/a","0","€0,00 ","0,00%","n/a","n/a"
"126243","Côtes-d'Armor Destination","436943","Campagne Communication Côtes-d'Armor Destination x Agence hémisphère Sud","3183139","La famille exploratrice_Display Ad","routard.com","","Display","Standard","€0,00 ","€0,00 ","€0,00 ","1","0","0","€3,87 ","0,00%","n/a","n/a","n/a","0","€0,00 ","0,00%","n/a","n/a"
"126243","Côtes-d'Armor Destination","436943","Campagne Communication Côtes-d'Armor Destination x Agence hémisphère Sud","3183139","La famille exploratrice_Display Ad","vice.com","","Display","Standard","€0,00 ","€0,00 ","€0,00 ","1","0","0","€4,73 ","0,00%","n/a","n/a","n/a","0","€0,00 ","0,00%","n/a","n/a"
"126243","Côtes-d'Armor Destination","436943","Campagne Communication Côtes-d'Armor Destination x Agence hémisphère Sud","3183430","Le couple en quête de déconnexion_Display Ad","lejournaldelamaison.fr","","Display","Standard","€1,48 ","€0,00 ","€0,00 ","364","1","0","€4,06 ","0,27%","0,00%","€1,48 ","n/a","0","€0,00 ","0,00%","n/a","n/a"
"126243","Côtes-d'Armor Destination","436943","Campagne Communication Côtes-d'Armor Destination x Agence hémisphère Sud","3183430","Le couple en quête de déconnexion_Display Ad","voici.fr","","Display","Standard","€2,32 ","€0,00 ","€0,00 ","597","1","0","€3,88 ","0,17%","0,00%","€2,32 ","n/a","0","€0,00 ","0,00%","n/a","n/a"
"126243","Côtes-d'Armor Destination","436943","Campagne Communication Côtes-d'Armor Destination x Agence hémisphère Sud","3182542","La famille exploratrice_Native Ad","vice.com","","Native","Standard","€0,03 ","€0,00 ","€0,00 ","8","0","0","€3,73 ","0,00%","n/a","n/a","n/a","0","€0,00 ","0,00%","n/a","n/a"
"126243","Côtes-d'Armor Destination","436943","Campagne Communication Côtes-d'Armor Destination x Agence hémisphère Sud","3189086","Le couple en quête de déconnexion_Native Ad","welovetennis.fr","","Native","Standard","€2,24 ","€0,00 ","€0,00 ","615","4","0","€3,64 ","0,65%","0,00%","€0,56 ","n/a","0","€0,00 ","0,00%","n/a","n/a"
"126243","Côtes-d'Armor Destination","436943","Campagne Communication Côtes-d'Armor Destination x Agence hémisphère Sud","3183139","La famille exploratrice_Display Ad","nouvelobs.com","","Display","Standard","€0,06 ","€0,00 ","€0,00 ","13","0","0","€4,65 ","0,00%","n/a","n/a","n/a","0","€0,00 ","0,00%","n/a","n/a"
"126243","Côtes-d'Armor Destination","436943","Campagne Communication Côtes-d'Armor Destination x Agence hémisphère Sud","3183430","Le couple en quête de déconnexion_Display Ad","huffingtonpost.fr","","Display","Standard","€0,12 ","€0,00 ","€0,00 ","27","0","0","€4,56 ","0,00%","n/a","n/a","n/a","0","€0,00 ","0,00%","n/a","n/a"
"126243","Côtes-d'Armor Destination","436943","Campagne Communication Côtes-d'Armor Destination x Agence hémisphère Sud","3182542","La famille exploratrice_Native Ad","gentside.com","","Native","Standard","€0,08 ","€0,00 ","€0,00 ","23","0","0","€3,68 ","0,00%","n/a","n/a","n/a","0","€0,00 ","0,00%","n/a","n/a"
"126243","Côtes-d'Armor Destination","436943","Campagne Communication Côtes-d'Armor Destination x Agence hémisphère Sud","3183139","La famille exploratrice_Display Ad","sudouest.fr","","Display","Standard","€0,11 ","€0,00 ","€0,00 ","26","0","0","€4,25 ","0,00%","n/a","n/a","n/a","0","€0,00 ","0,00%","n/a","n/a"
"126243","Côtes-d'Armor Destination","436943","Campagne Communication Côtes-d'Armor Destination x Agence hémisphère Sud","3189086","Le couple en quête de déconnexion_Native Ad","parents.fr","","Native","Standard","€0,09 ","€0,00 ","€0,00 ","25","0","0","€3,50 ","0,00%","n/a","n/a","n/a","0","€0,00 ","0,00%","n/a","n/a"
"126243","Côtes-d'Armor Destination","436943","Campagne Communication Côtes-d'Armor Destination x Agence hémisphère Sud","3183430","Le couple en quête de déconnexion_Display Ad","laprovence.com","","Display","Standard","€0,04 ","€0,00 ","€0,00 ","8","0","0","€4,46 ","0,00%","n/a","n/a","n/a","0","€0,00 ","0,00%","n/a","n/a"
"126243","Côtes-d'Armor Destination","436943","Campagne Communication Côtes-d'Armor Destination x Agence hémisphère Sud","3182542","La famille exploratrice_Native Ad","tripadvisor.fr","","Native","Standard","€0,06 ","€0,00 ","€0,00 ","16","0","0","€3,68 ","0,00%","n/a","n/a","n/a","0","€0,00 ","0,00%","n/a","n/a"
"126243","Côtes-d'Armor Destination","436943","Campagne Communication Côtes-d'Armor Destination x Agence hémisphère Sud","3189086","Le couple en quête de déconnexion_Native Ad","lepoint.fr","","Native","Standard","€0,77 ","€0,00 ","€0,00 ","217","0","0","€3,54 ","0,00%","n/a","n/a","n/a","0","€0,00 ","0,00%","n/a","n/a"
"126243","Côtes-d'Armor Destination","436943","Campagne Communication Côtes-d'Armor Destination x Agence hémisphère Sud","3183139","La famille exploratrice_Display Ad","viepratique.fr","","Display","Standard","€1,48 ","€0,00 ","€0,00 ","359","3","0","€4,12 ","0,84%","0,00%","€0,49 ","n/a","0","€0,00 ","0,00%","n/a","n/a"
"126243","Côtes-d'Armor Destination","436943","Campagne Communication Côtes-d'Armor Destination x Agence hémisphère Sud","3183139","La famille exploratrice_Display Ad","750g.com","","Display","Standard","€0,16 ","€0,00 ","€0,00 ","35","0","0","€4,57 ","0,00%","n/a","n/a","n/a","0","€0,00 ","0,00%","n/a","n/a"
"126243","Côtes-d'Armor Destination","436943","Campagne Communication Côtes-d'Armor Destination x Agence hémisphère Sud","3183430","Le couple en quête de déconnexion_Display Ad","leparisien.fr","","Display","Standard","€0,34 ","€0,00 ","€0,00 ","79","0","0","€4,29 ","0,00%","n/a","n/a","n/a","0","€0,00 ","0,00%","n/a","n/a"
"126243","Côtes-d'Armor Destination","436943","Campagne Communication Côtes-d'Armor Destination x Agence hémisphère Sud","3183430","Le couple en quête de déconnexion_Display Ad","vanityfair.fr","","Display","Standard","€0,29 ","€0,00 ","€0,00 ","77","0","0","€3,75 ","0,00%","n/a","n/a","n/a","0","€0,00 ","0,00%","n/a","n/a"
"126243","Côtes-d'Armor Destination","436943","Campagne Communication Côtes-d'Armor Destination x Agence hémisphère Sud","3182542","La famille exploratrice_Native Ad","free.fr","","Native","Standard","€0,00 ","€0,00 ","€0,00 ","1","0","0","€3,64 ","0,00%","n/a","n/a","n/a","0","€0,00 ","0,00%","n/a","n/a"
"126243","Côtes-d'Armor Destination","436943","Campagne Communication Côtes-d'Armor Destination x Agence hémisphère Sud","3189086","Le couple en quête de déconnexion_Native Ad","elle.fr","","Native","Standard","€0,04 ","€0,00 ","€0,00 ","14","0","0","€3,09 ","0,00%","n/a","n/a","n/a","0","€0,00 ","0,00%","n/a","n/a"
"126243","Côtes-d'Armor Destination","436943","Campagne Communication Côtes-d'Armor Destination x Agence hémisphère Sud","3183139","La famille exploratrice_Display Ad","geo.fr","","Display","Standard","€0,08 ","€0,00 ","€0,00 ","19","0","0","€3,99 ","0,00%","n/a","n/a","n/a","0","€0,00 ","0,00%","n/a","n/a"
"126243","Côtes-d'Armor Destination","436943","Campagne Communication Côtes-d'Armor Destination x Agence hémisphère Sud","3182542","La famille exploratrice_Native Ad","admagazine.fr","","Native","Standard","€0,13 ","€0,00 ","€0,00 ","37","0","0","€3,60 ","0,00%","n/a","n/a","n/a","0","€0,00 ","0,00%","n/a","n/a"
"126243","Côtes-d'Armor Destination","436943","Campagne Communication Côtes-d'Armor Destination x Agence hémisphère Sud","3182542","La famille exploratrice_Native Ad","bfmtv.com","","Native","Standard","€11,18 ","€0,00 ","€0,00 ","3 057","13","0","€3,66 ","0,43%","0,00%","€0,86 ","n/a","0","€0,00 ","0,00%","n/a","n/a"
"126243","Côtes-d'Armor Destination","436943","Campagne Communication Côtes-d'Armor Destination x Agence hémisphère Sud","3189086","Le couple en quête de déconnexion_Native Ad","telerama.fr","","Native","Standard","€0,04 ","€0,00 ","€0,00 ","15","0","0","€2,82 ","0,00%","n/a","n/a","n/a","0","€0,00 ","0,00%","n/a","n/a"
"126243","Côtes-d'Armor Destination","436943","Campagne Communication Côtes-d'Armor Destination x Agence hémisphère Sud","3189086","Le couple en quête de déconnexion_Native Ad","capital.fr","","Native","Standard","€5,81 ","€0,00 ","€0,00 ","1 603","9","0","€3,62 ","0,56%","0,00%","€0,65 ","n/a","0","€0,00 ","0,00%","n/a","n/a"
"126243","Côtes-d'Armor Destination","436943","Campagne Communication Côtes-d'Armor Destination x Agence hémisphère Sud","3183139","La famille exploratrice_Display Ad","bibamagazine.fr","","Display","Standard","€1,19 ","€0,00 ","€0,00 ","280","1","0","€4,26 ","0,36%","0,00%","€1,19 ","n/a","0","€0,00 ","0,00%","n/a","n/a"
"126243","Côtes-d'Armor Destination","436943","Campagne Communication Côtes-d'Armor Destination x Agence hémisphère Sud","3183430","Le couple en quête de déconnexion_Display Ad","tripadvisor.fr","","Display","Standard","€0,02 ","€0,00 ","€0,00 ","6","0","0","€4,07 ","0,00%","n/a","n/a","n/a","0","€0,00 ","0,00%","n/a","n/a"
"126243","Côtes-d'Armor Destination","436943","Campagne Communication Côtes-d'Armor Destination x Agence hémisphère Sud","3189086","Le couple en quête de déconnexion_Native Ad","femmeactuelle.fr","","Native","Standard","€41,48 ","€0,00 ","€0,00 ","11 329","177","0","€3,66 ","1,56%","0,00%","€0,23 ","n/a","0","€0,00 ","0,00%","n/a","n/a"
"126243","Côtes-d'Armor Destination","436943","Campagne Communication Côtes-d'Armor Destination x Agence hémisphère Sud","3183430","Le couple en quête de déconnexion_Display Ad","welovetennis.fr","","Display","Standard","€0,38 ","€0,00 ","€0,00 ","100","0","0","€3,78 ","0,00%","n/a","n/a","n/a","0","€0,00 ","0,00%","n/a","n/a"
"126243","Côtes-d'Armor Destination","436943","Campagne Communication Côtes-d'Armor Destination x Agence hémisphère Sud","3189086","Le couple en quête de déconnexion_Native Ad","paruvendu.fr","","Native","Standard","€0,32 ","€0,00 ","€0,00 ","89","0","0","€3,63 ","0,00%","n/a","n/a","n/a","0","€0,00 ","0,00%","n/a","n/a"
"126243","Côtes-d'Armor Destination","436943","Campagne Communication Côtes-d'Armor Destination x Agence hémisphère Sud","3183139","La famille exploratrice_Display Ad","allocine.fr","","Display","Standard","€5,21 ","€0,00 ","€0,00 ","1 342","1","0","€3,88 ","0,07%","0,00%","€5,21 ","n/a","0","€0,00 ","0,00%","n/a","n/a"
"126243","Côtes-d'Armor Destination","436943","Campagne Communication Côtes-d'Armor Destination x Agence hémisphère Sud","3183430","Le couple en quête de déconnexion_Display Ad","femmeactuelle.fr","","Display","Standard","€3,87 ","€0,00 ","€0,00 ","999","0","0","€3,88 ","0,00%","n/a","n/a","n/a","0","€0,00 ","0,00%","n/a","n/a"
"126243","Côtes-d'Armor Destination","436943","Campagne Communication Côtes-d'Armor Destination x Agence hémisphère Sud","3183430","Le couple en quête de déconnexion_Display Ad","750g.com","","Display","Standard","€0,04 ","€0,00 ","€0,00 ","9","0","0","€4,68 ","0,00%","n/a","n/a","n/a","0","€0,00 ","0,00%","n/a","n/a"
"126243","Côtes-d'Armor Destination","436943","Campagne Communication Côtes-d'Armor Destination x Agence hémisphère Sud","3182542","La famille exploratrice_Native Ad","lesechos.fr","","Native","Standard","€0,13 ","€0,00 ","€0,00 ","35","0","0","€3,68 ","0,00%","n/a","n/a","n/a","0","€0,00 ","0,00%","n/a","n/a"
"126243","Côtes-d'Armor Destination","436943","Campagne Communication Côtes-d'Armor Destination x Agence hémisphère Sud","3182542","La famille exploratrice_Native Ad","lemonde.fr","","Native","Standard","€0,74 ","€0,00 ","€0,00 ","203","2","0","€3,66 ","0,99%","0,00%","€0,37 ","n/a","0","€0,00 ","0,00%","n/a","n/a"
"126243","Côtes-d'Armor Destination","436943","Campagne Communication Côtes-d'Armor Destination x Agence hémisphère Sud","3189086","Le couple en quête de déconnexion_Native Ad","liberation.fr","","Native","Standard","€109,94 ","€0,00 ","€0,00 ","29 930","517","0","€3,67 ","1,73%","0,00%","€0,21 ","n/a","0","€0,00 ","0,00%","n/a","n/a"
"126243","Côtes-d'Armor Destination","436943","Campagne Communication Côtes-d'Armor Destination x Agence hémisphère Sud","3183139","La famille exploratrice_Display Ad","vinted.fr","","Display","Standard","€0,35 ","€0,00 ","€0,00 ","88","0","0","€4,01 ","0,00%","n/a","n/a","n/a","0","€0,00 ","0,00%","n/a","n/a"
"126243","Côtes-d'Armor Destination","436943","Campagne Communication Côtes-d'Armor Destination x Agence hémisphère Sud","3183139","La famille exploratrice_Display Ad","admagazine.fr","","Display","Standard","€0,27 ","€0,00 ","€0,00 ","70","0","0","€3,90 ","0,00%","n/a","n/a","n/a","0","€0,00 ","0,00%","n/a","n/a"
"126243","Côtes-d'Armor Destination","436943","Campagne Communication Côtes-d'Armor Destination x Agence hémisphère Sud","3183430","Le couple en quête de déconnexion_Display Ad","allocine.fr","","Display","Standard","€4,95 ","€0,00 ","€0,00 ","1 285","0","0","€3,85 ","0,00%","n/a","n/a","n/a","0","€0,00 ","0,00%","n/a","n/a"
"126243","Côtes-d'Armor Destination","436943","Campagne Communication Côtes-d'Armor Destination x Agence hémisphère Sud","3183430","Le couple en quête de déconnexion_Display Ad","lindependant.fr","","Display","Standard","€0,96 ","€0,00 ","€0,00 ","226","0","0","€4,27 ","0,00%","n/a","n/a","n/a","0","€0,00 ","0,00%","n/a","n/a"
"126243","Côtes-d'Armor Destination","436943","Campagne Communication Côtes-d'Armor Destination x Agence hémisphère Sud","3189086","Le couple en quête de déconnexion_Native Ad","cosmopolitan.fr","","Native","Standard","€0,91 ","€0,00 ","€0,00 ","252","0","0","€3,60 ","0,00%","n/a","n/a","n/a","0","€0,00 ","0,00%","n/a","n/a"
"126243","Côtes-d'Armor Destination","436943","Campagne Communication Côtes-d'Armor Destination x Agence hémisphère Sud","3189086","Le couple en quête de déconnexion_Native Ad","cotemaison.fr","","Native","Standard","€0,03 ","€0,00 ","€0,00 ","8","0","0","€3,59 ","0,00%","n/a","n/a","n/a","0","€0,00 ","0,00%","n/a","n/a"
"126243","Côtes-d'Armor Destination","436943","Campagne Communication Côtes-d'Armor Destination x Agence hémisphère Sud","3183139","La famille exploratrice_Display Ad","mercipourlinfo.fr","","Display","Standard","€0,00 ","€0,00 ","€0,00 ","1","0","0","€4,69 ","0,00%","n/a","n/a","n/a","0","€0,00 ","0,00%","n/a","n/a"
"126243","Côtes-d'Armor Destination","436943","Campagne Communication Côtes-d'Armor Destination x Agence hémisphère Sud","3183430","Le couple en quête de déconnexion_Display Ad","marmiton.org","","Display","Standard","€30,64 ","€0,00 ","€0,00 ","7 120","4","0","€4,30 ","0,06%","0,00%","€7,66 ","n/a","0","€0,00 ","0,00%","n/a","n/a"
"126243","Côtes-d'Armor Destination","436943","Campagne Communication Côtes-d'Armor Destination x Agence hémisphère Sud","3183430","Le couple en quête de déconnexion_Display Ad","onzemondial.com","","Display","Standard","€0,02 ","€0,00 ","€0,00 ","5","0","0","€4,64 ","0,00%","n/a","n/a","n/a","0","€0,00 ","0,00%","n/a","n/a"
"126243","Côtes-d'Armor Destination","436943","Campagne Communication Côtes-d'Armor Destination x Agence hémisphère Sud","3183430","Le couple en quête de déconnexion_Display Ad","rtl.fr","","Display","Standard","€0,13 ","€0,00 ","€0,00 ","31","0","0","€4,05 ","0,00%","n/a","n/a","n/a","0","€0,00 ","0,00%","n/a","n/a"
"126243","Côtes-d'Armor Destination","436943","Campagne Communication Côtes-d'Armor Destination x Agence hémisphère Sud","3182542","La famille exploratrice_Native Ad","750g.com","","Native","Standard","€5,26 ","€0,00 ","€0,00 ","1 425","11","0","€3,69 ","0,77%","0,00%","€0,48 ","n/a","0","€0,00 ","0,00%","n/a","n/a"
"126243","Côtes-d'Armor Destination","436943","Campagne Communication Côtes-d'Armor Destination x Agence hémisphère Sud","3189086","Le couple en quête de déconnexion_Native Ad","laprovence.com","","Native","Standard","€0,78 ","€0,00 ","€0,00 ","241","0","0","€3,25 ","0,00%","n/a","n/a","n/a","0","€0,00 ","0,00%","n/a","n/a"
"126243","Côtes-d'Armor Destination","436943","Campagne Communication Côtes-d'Armor Destination x Agence hémisphère Sud","3183139","La famille exploratrice_Display Ad","laviedesreines.com","","Display","Standard","€0,04 ","€0,00 ","€0,00 ","9","0","0","€4,51 ","0,00%","n/a","n/a","n/a","0","€0,00 ","0,00%","n/a","n/a"
"126243","Côtes-d'Armor Destination","436943","Campagne Communication Côtes-d'Armor Destination x Agence hémisphère Sud","3183430","Le couple en quête de déconnexion_Display Ad","routard.com","","Display","Standard","€0,06 ","€0,00 ","€0,00 ","14","0","0","€4,04 ","0,00%","n/a","n/a","n/a","0","€0,00 ","0,00%","n/a","n/a"
"126243","Côtes-d'Armor Destination","436943","Campagne Communication Côtes-d'Armor Destination x Agence hémisphère Sud","3182542","La famille exploratrice_Native Ad","cotemaison.fr","","Native","Standard","€0,03 ","€0,00 ","€0,00 ","9","0","0","€2,99 ","0,00%","n/a","n/a","n/a","0","€0,00 ","0,00%","n/a","n/a"
"126243","Côtes-d'Armor Destination","436943","Campagne Communication Côtes-d'Armor Destination x Agence hémisphère Sud","3183139","La famille exploratrice_Display Ad","marmiton.org","","Display","Standard","€17,68 ","€0,00 ","€0,00 ","4 018","8","0","€4,40 ","0,20%","0,00%","€2,21 ","n/a","0","€0,00 ","0,00%","n/a","n/a"
"126243","Côtes-d'Armor Destination","436943","Campagne Communication Côtes-d'Armor Destination x Agence hémisphère Sud","3183430","Le couple en quête de déconnexion_Display Ad","terrafemina.com","","Display","Standard","€0,01 ","€0,00 ","€0,00 ","2","0","0","€3,84 ","0,00%","n/a","n/a","n/a","0","€0,00 ","0,00%","n/a","n/a"
"126243","Côtes-d'Armor Destination","436943","Campagne Communication Côtes-d'Armor Destination x Agence hémisphère Sud","3182542","La famille exploratrice_Native Ad","cuisineactuelle.fr","","Native","Standard","€18,02 ","€0,00 ","€0,00 ","4 907","48","0","€3,67 ","0,98%","0,00%","€0,38 ","n/a","0","€0,00 ","0,00%","n/a","n/a"
"126243","Côtes-d'Armor Destination","436943","Campagne Communication Côtes-d'Armor Destination x Agence hémisphère Sud","3189086","Le couple en quête de déconnexion_Native Ad","vogue.fr","","Native","Standard","€0,05 ","€0,00 ","€0,00 ","15","0","0","€3,51 ","0,00%","n/a","n/a","n/a","0","€0,00 ","0,00%","n/a","n/a"
"126243","Côtes-d'Armor Destination","436943","Campagne Communication Côtes-d'Armor Destination x Agence hémisphère Sud","3189086","Le couple en quête de déconnexion_Native Ad","caminteresse.fr","","Native","Standard","€15,20 ","€0,00 ","€0,00 ","4 150","62","0","€3,66 ","1,49%","0,00%","€0,25 ","n/a","0","€0,00 ","0,00%","n/a","n/a"
"126243","Côtes-d'Armor Destination","436943","Campagne Communication Côtes-d'Armor Destination x Agence hémisphère Sud","3183430","Le couple en quête de déconnexion_Display Ad","sudouest.fr","","Display","Standard","€0,11 ","€0,00 ","€0,00 ","26","0","0","€4,21 ","0,00%","n/a","n/a","n/a","0","€0,00 ","0,00%","n/a","n/a"
"126243","Côtes-d'Armor Destination","436943","Campagne Communication Côtes-d'Armor Destination x Agence hémisphère Sud","3183430","Le couple en quête de déconnexion_Display Ad","futura-sciences.com","","Display","Standard","€2,22 ","€0,00 ","€0,00 ","564","1","0","€3,93 ","0,18%","0,00%","€2,22 ","n/a","0","€0,00 ","0,00%","n/a","n/a"
"126243","Côtes-d'Armor Destination","436943","Campagne Communication Côtes-d'Armor Destination x Agence hémisphère Sud","3182542","La famille exploratrice_Native Ad","laviedesreines.com","","Native","Standard","€0,11 ","€0,00 ","€0,00 ","31","0","0","€3,61 ","0,00%","n/a","n/a","n/a","0","€0,00 ","0,00%","n/a","n/a"
"126243","Côtes-d'Armor Destination","436943","Campagne Communication Côtes-d'Armor Destination x Agence hémisphère Sud","3189086","Le couple en quête de déconnexion_Native Ad","ouest-france.fr","","Native","Standard","€0,02 ","€0,00 ","€0,00 ","6","0","0","€3,73 ","0,00%","n/a","n/a","n/a","0","€0,00 ","0,00%","n/a","n/a"
"126243","Côtes-d'Armor Destination","436943","Campagne Communication Côtes-d'Armor Destination x Agence hémisphère Sud","3189086","Le couple en quête de déconnexion_Native Ad","futura-sciences.com","","Native","Standard","€2,13 ","€0,00 ","€0,00 ","583","2","0","€3,65 ","0,34%","0,00%","€1,06 ","n/a","0","€0,00 ","0,00%","n/a","n/a"
"126243","Côtes-d'Armor Destination","436943","Campagne Communication Côtes-d'Armor Destination x Agence hémisphère Sud","3183139","La famille exploratrice_Display Ad","sports.fr","","Display","Standard","€16,79 ","€0,00 ","€0,00 ","4 234","17","0","€3,96 ","0,40%","0,00%","€0,99 ","n/a","0","€0,00 ","0,00%","n/a","n/a"
"126243","Côtes-d'Armor Destination","436943","Campagne Communication Côtes-d'Armor Destination x Agence hémisphère Sud","3182542","La famille exploratrice_Native Ad","parismatch.com","","Native","Standard","€1,91 ","€0,00 ","€0,00 ","524","0","0","€3,64 ","0,00%","n/a","n/a","n/a","0","€0,00 ","0,00%","n/a","n/a"
"126243","Côtes-d'Armor Destination","436943","Campagne Communication Côtes-d'Armor Destination x Agence hémisphère Sud","3189086","Le couple en quête de déconnexion_Native Ad","logic-immo.com","","Native","Standard","€0,10 ","€0,00 ","€0,00 ","28","0","0","€3,70 ","0,00%","n/a","n/a","n/a","0","€0,00 ","0,00%","n/a","n/a"
"126243","Côtes-d'Armor Destination","436943","Campagne Communication Côtes-d'Armor Destination x Agence hémisphère Sud","3183139","La famille exploratrice_Display Ad","femmeactuelle.fr","","Display","Standard","€4,20 ","€0,00 ","€0,00 ","1 085","0","0","€3,87 ","0,00%","n/a","n/a","n/a","0","€0,00 ","0,00%","n/a","n/a"
"126243","Côtes-d'Armor Destination","436943","Campagne Communication Côtes-d'Armor Destination x Agence hémisphère Sud","3183139","La famille exploratrice_Display Ad","midilibre.fr","","Display","Standard","€5,52 ","€0,00 ","€0,00 ","1 383","2","0","€3,99 ","0,14%","0,00%","€2,76 ","n/a","0","€0,00 ","0,00%","n/a","n/a"
"126243","Côtes-d'Armor Destination","436943","Campagne Communication Côtes-d'Armor Destination x Agence hémisphère Sud","3183139","La famille exploratrice_Display Ad","latribune.fr","","Display","Standard","€0,07 ","€0,00 ","€0,00 ","18","0","0","€4,05 ","0,00%","n/a","n/a","n/a","0","€0,00 ","0,00%","n/a","n/a"
"126243","Côtes-d'Armor Destination","436943","Campagne Communication Côtes-d'Armor Destination x Agence hémisphère Sud","3183139","La famille exploratrice_Display Ad","lexpress.fr","","Display","Standard","€0,01 ","€0,00 ","€0,00 ","3","0","0","€4,67 ","0,00%","n/a","n/a","n/a","0","€0,00 ","0,00%","n/a","n/a"
"126243","Côtes-d'Armor Destination","436943","Campagne Communication Côtes-d'Armor Destination x Agence hémisphère Sud","3183430","Le couple en quête de déconnexion_Display Ad","actu.fr","","Display","Standard","€0,06 ","€0,00 ","€0,00 ","14","0","0","€4,50 ","0,00%","n/a","n/a","n/a","0","€0,00 ","0,00%","n/a","n/a"
"126243","Côtes-d'Armor Destination","436943","Campagne Communication Côtes-d'Armor Destination x Agence hémisphère Sud","3189086","Le couple en quête de déconnexion_Native Ad","centrepresseaveyron.fr","","Native","Standard","€2,04 ","€0,00 ","€0,00 ","560","1","0","€3,64 ","0,18%","0,00%","€2,04 ","n/a","0","€0,00 ","0,00%","n/a","n/a"
"126243","Côtes-d'Armor Destination","436943","Campagne Communication Côtes-d'Armor Destination x Agence hémisphère Sud","3183430","Le couple en quête de déconnexion_Display Ad","geo.fr","","Display","Standard","€0,15 ","€0,00 ","€0,00 ","39","0","0","€3,81 ","0,00%","n/a","n/a","n/a","0","€0,00 ","0,00%","n/a","n/a"
"126243","Côtes-d'Armor Destination","436943","Campagne Communication Côtes-d'Armor Destination x Agence hémisphère Sud","3183430","Le couple en quête de déconnexion_Display Ad","orange.fr","","Display","Standard","€17,58 ","€0,00 ","€0,00 ","3 847","0","0","€4,57 ","0,00%","n/a","n/a","n/a","0","€0,00 ","0,00%","n/a","n/a"
"126243","Côtes-d'Armor Destination","436943","Campagne Communication Côtes-d'Armor Destination x Agence hémisphère Sud","3182542","La famille exploratrice_Native Ad","lejournaldelamaison.fr","","Native","Standard","€11,19 ","€0,00 ","€0,00 ","3 041","20","0","€3,68 ","0,66%","0,00%","€0,56 ","n/a","0","€0,00 ","0,00%","n/a","n/a"
"126243","Côtes-d'Armor Destination","436943","Campagne Communication Côtes-d'Armor Destination x Agence hémisphère Sud","3189086","Le couple en quête de déconnexion_Native Ad","vice.com","","Native","Standard","€0,01 ","€0,00 ","€0,00 ","2","0","0","€3,78 ","0,00%","n/a","n/a","n/a","0","€0,00 ","0,00%","n/a","n/a"
"126243","Côtes-d'Armor Destination","436943","Campagne Communication Côtes-d'Armor Destination x Agence hémisphère Sud","3183139","La famille exploratrice_Display Ad","capital.fr","","Display","Standard","€0,26 ","€0,00 ","€0,00 ","59","0","0","€4,36 ","0,00%","n/a","n/a","n/a","0","€0,00 ","0,00%","n/a","n/a"
"126243","Côtes-d'Armor Destination","436943","Campagne Communication Côtes-d'Armor Destination x Agence hémisphère Sud","3183139","La famille exploratrice_Display Ad","elle.fr","","Display","Standard","€0,01 ","€0,00 ","€0,00 ","3","0","0","€4,16 ","0,00%","n/a","n/a","n/a","0","€0,00 ","0,00%","n/a","n/a"
"126243","Côtes-d'Armor Destination","436943","Campagne Communication Côtes-d'Armor Destination x Agence hémisphère Sud","3189086","Le couple en quête de déconnexion_Native Ad","programme-tv.net","","Native","Standard","€75,42 ","€0,00 ","€0,00 ","20 814","460","0","€3,62 ","2,21%","0,00%","€0,16 ","n/a","0","€0,00 ","0,00%","n/a","n/a"
"126243","Côtes-d'Armor Destination","436943","Campagne Communication Côtes-d'Armor Destination x Agence hémisphère Sud","3189086","Le couple en quête de déconnexion_Native Ad","viepratique.fr","","Native","Standard","€7,42 ","€0,00 ","€0,00 ","2 022","7","0","€3,67 ","0,35%","0,00%","€1,06 ","n/a","0","€0,00 ","0,00%","n/a","n/a"
"126243","Côtes-d'Armor Destination","436943","Campagne Communication Côtes-d'Armor Destination x Agence hémisphère Sud","3183139","La famille exploratrice_Display Ad","tripadvisor.fr","","Display","Standard","€0,00 ","€0,00 ","€0,00 ","1","0","0","€4,66 ","0,00%","n/a","n/a","n/a","0","€0,00 ","0,00%","n/a","n/a"
"126243","Côtes-d'Armor Destination","436943","Campagne Communication Côtes-d'Armor Destination x Agence hémisphère Sud","3183139","La famille exploratrice_Display Ad","estrepublicain.fr","","Display","Standard","€0,38 ","€0,00 ","€0,00 ","99","0","0","€3,79 ","0,00%","n/a","n/a","n/a","0","€0,00 ","0,00%","n/a","n/a"
"126243","Côtes-d'Armor Destination","436943","Campagne Communication Côtes-d'Armor Destination x Agence hémisphère Sud","3183139","La famille exploratrice_Display Ad","corsematin.com","","Display","Standard","€0,03 ","€0,00 ","€0,00 ","8","0","0","€3,77 ","0,00%","n/a","n/a","n/a","0","€0,00 ","0,00%","n/a","n/a"
"126243","Côtes-d'Armor Destination","436943","Campagne Communication Côtes-d'Armor Destination x Agence hémisphère Sud","3182542","La famille exploratrice_Native Ad","grazia.fr","","Native","Standard","€10,90 ","€0,00 ","€0,00 ","2 964","12","0","€3,68 ","0,40%","0,00%","€0,91 ","n/a","0","€0,00 ","0,00%","n/a","n/a"
"126243","Côtes-d'Armor Destination","436943","Campagne Communication Côtes-d'Armor Destination x Agence hémisphère Sud","3189086","Le couple en quête de déconnexion_Native Ad","challenges.fr","","Native","Standard","€0,84 ","€0,00 ","€0,00 ","232","5","0","€3,64 ","2,16%","0,00%","€0,17 ","n/a","0","€0,00 ","0,00%","n/a","n/a"
"126243","Côtes-d'Armor Destination","436943","Campagne Communication Côtes-d'Armor Destination x Agence hémisphère Sud","3189086","Le couple en quête de déconnexion_Native Ad","cuisineactuelle.fr","","Native","Standard","€14,38 ","€0,00 ","€0,00 ","3 952","31","0","€3,64 ","0,78%","0,00%","€0,46 ","n/a","0","€0,00 ","0,00%","n/a","n/a"
"126243","Côtes-d'Armor Destination","436943","Campagne Communication Côtes-d'Armor Destination x Agence hémisphère Sud","3189086","Le couple en quête de déconnexion_Native Ad","orange.fr","","Native","Standard","€8,10 ","€0,00 ","€0,00 ","2 475","1","0","€3,27 ","0,04%","0,00%","€8,10 ","n/a","0","€0,00 ","0,00%","n/a","n/a"
"126243","Côtes-d'Armor Destination","436943","Campagne Communication Côtes-d'Armor Destination x Agence hémisphère Sud","3183139","La famille exploratrice_Display Ad","notretemps.com","","Display","Standard","€0,11 ","€0,00 ","€0,00 ","25","0","0","€4,48 ","0,00%","n/a","n/a","n/a","0","€0,00 ","0,00%","n/a","n/a"
"126243","Côtes-d'Armor Destination","436943","Campagne Communication Côtes-d'Armor Destination x Agence hémisphère Sud","3182542","La famille exploratrice_Native Ad","leparisien.fr","","Native","Standard","€5,45 ","€0,00 ","€0,00 ","1 483","0","0","€3,67 ","0,00%","n/a","n/a","n/a","0","€0,00 ","0,00%","n/a","n/a"
"126243","Côtes-d'Armor Destination","436943","Campagne Communication Côtes-d'Armor Destination x Agence hémisphère Sud","3182542","La famille exploratrice_Native Ad","logic-immo.com","","Native","Standard","€0,06 ","€0,00 ","€0,00 ","18","0","0","€3,51 ","0,00%","n/a","n/a","n/a","0","€0,00 ","0,00%","n/a","n/a"
"126243","Côtes-d'Armor Destination","436943","Campagne Communication Côtes-d'Armor Destination x Agence hémisphère Sud","3182542","La famille exploratrice_Native Ad","deco.fr","","Native","Standard","€0,06 ","€0,00 ","€0,00 ","17","0","0","€3,68 ","0,00%","n/a","n/a","n/a","0","€0,00 ","0,00%","n/a","n/a"
"126243","Côtes-d'Armor Destination","436943","Campagne Communication Côtes-d'Armor Destination x Agence hémisphère Sud","3183430","Le couple en quête de déconnexion_Display Ad","logic-immo.com","","Display","Standard","€0,03 ","€0,00 ","€0,00 ","7","0","0","€3,73 ","0,00%","n/a","n/a","n/a","0","€0,00 ","0,00%","n/a","n/a"
"126243","Côtes-d'Armor Destination","436943","Campagne Communication Côtes-d'Armor Destination x Agence hémisphère Sud","3183139","La famille exploratrice_Display Ad","welovetennis.fr","","Display","Standard","€0,23 ","€0,00 ","€0,00 ","60","0","0","€3,87 ","0,00%","n/a","n/a","n/a","0","€0,00 ","0,00%","n/a","n/a"
"126243","Côtes-d'Armor Destination","436943","Campagne Communication Côtes-d'Armor Destination x Agence hémisphère Sud","3183139","La famille exploratrice_Display Ad","caminteresse.fr","","Display","Standard","€0,44 ","€0,00 ","€0,00 ","109","0","0","€4,06 ","0,00%","n/a","n/a","n/a","0","€0,00 ","0,00%","n/a","n/a"
"126243","Côtes-d'Armor Destination","436943","Campagne Communication Côtes-d'Armor Destination x Agence hémisphère Sud","3183430","Le couple en quête de déconnexion_Display Ad","lamontagne.fr","","Display","Standard","€0,48 ","€0,00 ","€0,00 ","101","0","0","€4,75 ","0,00%","n/a","n/a","n/a","0","€0,00 ","0,00%","n/a","n/a"
"126243","Côtes-d'Armor Destination","436943","Campagne Communication Côtes-d'Armor Destination x Agence hémisphère Sud","3183430","Le couple en quête de déconnexion_Display Ad","ladepeche.fr","","Display","Standard","€11,57 ","€0,00 ","€0,00 ","2 463","11","0","€4,70 ","0,45%","0,00%","€1,05 ","n/a","0","€0,00 ","0,00%","n/a","n/a"
"126243","Côtes-d'Armor Destination","436943","Campagne Communication Côtes-d'Armor Destination x Agence hémisphère Sud","3183430","Le couple en quête de déconnexion_Display Ad","lardennais.fr","","Display","Standard","€0,14 ","€0,00 ","€0,00 ","36","0","0","€3,99 ","0,00%","n/a","n/a","n/a","0","€0,00 ","0,00%","n/a","n/a"
"126243","Côtes-d'Armor Destination","436943","Campagne Communication Côtes-d'Armor Destination x Agence hémisphère Sud","3182542","La famille exploratrice_Native Ad","corsematin.com","","Native","Standard","€0,23 ","€0,00 ","€0,00 ","64","0","0","€3,60 ","0,00%","n/a","n/a","n/a","0","€0,00 ","0,00%","n/a","n/a"
"126243","Côtes-d'Armor Destination","436943","Campagne Communication Côtes-d'Armor Destination x Agence hémisphère Sud","3189086","Le couple en quête de déconnexion_Native Ad","deco.fr","","Native","Standard","€0,10 ","€0,00 ","€0,00 ","28","0","0","€3,56 ","0,00%","n/a","n/a","n/a","0","€0,00 ","0,00%","n/a","n/a"
"126243","Côtes-d'Armor Destination","436943","Campagne Communication Côtes-d'Armor Destination x Agence hémisphère Sud","3189086","Le couple en quête de déconnexion_Native Ad","voici.fr","","Native","Standard","€79,02 ","€0,00 ","€0,00 ","21 568","330","0","€3,66 ","1,53%","0,00%","€0,24 ","n/a","0","€0,00 ","0,00%","n/a","n/a"
"126243","Côtes-d'Armor Destination","436943","Campagne Communication Côtes-d'Armor Destination x Agence hémisphère Sud","3189086","Le couple en quête de déconnexion_Native Ad","lemonde.fr","","Native","Standard","€0,98 ","€0,00 ","€0,00 ","285","1","0","€3,45 ","0,35%","0,00%","€0,98 ","n/a","0","€0,00 ","0,00%","n/a","n/a"
"126243","Côtes-d'Armor Destination","436943","Campagne Communication Côtes-d'Armor Destination x Agence hémisphère Sud","3183139","La famille exploratrice_Display Ad","cosmopolitan.fr","","Display","Standard","€0,30 ","€0,00 ","€0,00 ","77","1","0","€3,93 ","1,30%","0,00%","€0,30 ","n/a","0","€0,00 ","0,00%","n/a","n/a"
"126243","Côtes-d'Armor Destination","436943","Campagne Communication Côtes-d'Armor Destination x Agence hémisphère Sud","3183139","La famille exploratrice_Display Ad","deco.fr","","Display","Standard","€0,02 ","€0,00 ","€0,00 ","4","0","0","€4,04 ","0,00%","n/a","n/a","n/a","0","€0,00 ","0,00%","n/a","n/a"
"126243","Côtes-d'Armor Destination","436943","Campagne Communication Côtes-d'Armor Destination x Agence hémisphère Sud","3183430","Le couple en quête de déconnexion_Display Ad","free.fr","","Display","Standard","€0,02 ","€0,00 ","€0,00 ","4","0","0","€3,77 ","0,00%","n/a","n/a","n/a","0","€0,00 ","0,00%","n/a","n/a"
"126243","Côtes-d'Armor Destination","436943","Campagne Communication Côtes-d'Armor Destination x Agence hémisphère Sud","3183430","Le couple en quête de déconnexion_Display Ad","planet.fr","","Display","Standard","€1,43 ","€0,00 ","€0,00 ","368","3","0","€3,88 ","0,82%","0,00%","€0,48 ","n/a","0","€0,00 ","0,00%","n/a","n/a"
"126243","Côtes-d'Armor Destination","436943","Campagne Communication Côtes-d'Armor Destination x Agence hémisphère Sud","3182542","La famille exploratrice_Native Ad","maison-travaux.fr","","Native","Standard","€24,85 ","€0,00 ","€0,00 ","6 777","22","0","€3,67 ","0,32%","0,00%","€1,13 ","n/a","0","€0,00 ","0,00%","n/a","n/a"
"126243","Côtes-d'Armor Destination","436943","Campagne Communication Côtes-d'Armor Destination x Agence hémisphère Sud","3182542","La famille exploratrice_Native Ad","caminteresse.fr","","Native","Standard","€28,83 ","€0,00 ","€0,00 ","7 848","111","0","€3,67 ","1,41%","0,00%","€0,26 ","n/a","0","€0,00 ","0,00%","n/a","n/a"
"126243","Côtes-d'Armor Destination","436943","Campagne Communication Côtes-d'Armor Destination x Agence hémisphère Sud","3189086","Le couple en quête de déconnexion_Native Ad","ma-propriete.fr","","Native","Standard","€0,00 ","€0,00 ","€0,00 ","1","0","0","€3,77 ","0,00%","n/a","n/a","n/a","0","€0,00 ","0,00%","n/a","n/a"
"126243","Côtes-d'Armor Destination","436943","Campagne Communication Côtes-d'Armor Destination x Agence hémisphère Sud","3189086","Le couple en quête de déconnexion_Native Ad","gentside.com","","Native","Standard","€0,05 ","€0,00 ","€0,00 ","14","0","0","€3,64 ","0,00%","n/a","n/a","n/a","0","€0,00 ","0,00%","n/a","n/a"
"126243","Côtes-d'Armor Destination","436943","Campagne Communication Côtes-d'Armor Destination x Agence hémisphère Sud","3183139","La famille exploratrice_Display Ad","terrafemina.com","","Display","Standard","€0,00 ","€0,00 ","€0,00 ","1","0","0","€4,63 ","0,00%","n/a","n/a","n/a","0","€0,00 ","0,00%","n/a","n/a"
"126243","Côtes-d'Armor Destination","436943","Campagne Communication Côtes-d'Armor Destination x Agence hémisphère Sud","3183430","Le couple en quête de déconnexion_Display Ad","latribune.fr","","Display","Standard","€0,02 ","€0,00 ","€0,00 ","4","0","0","€3,77 ","0,00%","n/a","n/a","n/a","0","€0,00 ","0,00%","n/a","n/a"
"126243","Côtes-d'Armor Destination","436943","Campagne Communication Côtes-d'Armor Destination x Agence hémisphère Sud","3183430","Le couple en quête de déconnexion_Display Ad","grazia.fr","","Display","Standard","€2,54 ","€0,00 ","€0,00 ","612","3","0","€4,15 ","0,49%","0,00%","€0,85 ","n/a","0","€0,00 ","0,00%","n/a","n/a"
"126243","Côtes-d'Armor Destination","436943","Campagne Communication Côtes-d'Armor Destination x Agence hémisphère Sud","3182542","La famille exploratrice_Native Ad","linternaute.com","","Native","Standard","€7,54 ","€0,00 ","€0,00 ","2 045","11","0","€3,69 ","0,54%","0,00%","€0,69 ","n/a","0","€0,00 ","0,00%","n/a","n/a"
"126243","Côtes-d'Armor Destination","436943","Campagne Communication Côtes-d'Armor Destination x Agence hémisphère Sud","3183139","La famille exploratrice_Display Ad","lefigaro.fr","","Display","Standard","€1,57 ","€0,00 ","€0,00 ","331","0","0","€4,73 ","0,00%","n/a","n/a","n/a","0","€0,00 ","0,00%","n/a","n/a"
"126243","Côtes-d'Armor Destination","436943","Campagne Communication Côtes-d'Armor Destination x Agence hémisphère Sud","3182542","La famille exploratrice_Native Ad","vogue.fr","","Native","Standard","€0,06 ","€0,00 ","€0,00 ","16","0","0","€3,71 ","0,00%","n/a","n/a","n/a","0","€0,00 ","0,00%","n/a","n/a"
"126243","Côtes-d'Armor Destination","436943","Campagne Communication Côtes-d'Armor Destination x Agence hémisphère Sud","3183430","Le couple en quête de déconnexion_Display Ad","midilibre.fr","","Display","Standard","€7,34 ","€0,00 ","€0,00 ","1 786","2","0","€4,11 ","0,11%","0,00%","€3,67 ","n/a","0","€0,00 ","0,00%","n/a","n/a"
"126243","Côtes-d'Armor Destination","436943","Campagne Communication Côtes-d'Armor Destination x Agence hémisphère Sud","3183430","Le couple en quête de déconnexion_Display Ad","vogue.fr","","Display","Standard","€0,19 ","€0,00 ","€0,00 ","49","0","0","€3,86 ","0,00%","n/a","n/a","n/a","0","€0,00 ","0,00%","n/a","n/a"
"126243","Côtes-d'Armor Destination","436943","Campagne Communication Côtes-d'Armor Destination x Agence hémisphère Sud","3182542","La famille exploratrice_Native Ad","pausette.fr","","Native","Standard","€21,48 ","€0,00 ","€0,00 ","5 873","32","0","€3,66 ","0,54%","0,00%","€0,67 ","n/a","0","€0,00 ","0,00%","n/a","n/a"
"126243","Côtes-d'Armor Destination","436943","Campagne Communication Côtes-d'Armor Destination x Agence hémisphère Sud","3183139","La famille exploratrice_Display Ad","planete-deco.fr","","Display","Standard","€0,01 ","€0,00 ","€0,00 ","3","0","0","€3,87 ","0,00%","n/a","n/a","n/a","0","€0,00 ","0,00%","n/a","n/a"
"126243","Côtes-d'Armor Destination","436943","Campagne Communication Côtes-d'Armor Destination x Agence hémisphère Sud","3183139","La famille exploratrice_Display Ad","lunion.fr","","Display","Standard","€0,02 ","€0,00 ","€0,00 ","6","0","0","€4,00 ","0,00%","n/a","n/a","n/a","0","€0,00 ","0,00%","n/a","n/a"
"126243","Côtes-d'Armor Destination","436943","Campagne Communication Côtes-d'Armor Destination x Agence hémisphère Sud","3182542","La famille exploratrice_Native Ad","terrafemina.com","","Native","Standard","€0,37 ","€0,00 ","€0,00 ","101","2","0","€3,70 ","1,98%","0,00%","€0,19 ","n/a","0","€0,00 ","0,00%","n/a","n/a"
"126243","Côtes-d'Armor Destination","436943","Campagne Communication Côtes-d'Armor Destination x Agence hémisphère Sud","3189086","Le couple en quête de déconnexion_Native Ad","pausette.fr","","Native","Standard","€51,97 ","€0,00 ","€0,00 ","14 221","80","0","€3,65 ","0,56%","0,00%","€0,65 ","n/a","0","€0,00 ","0,00%","n/a","n/a"
"126243","Côtes-d'Armor Destination","436943","Campagne Communication Côtes-d'Armor Destination x Agence hémisphère Sud","3183139","La famille exploratrice_Display Ad","programme-television.org","","Display","Standard","€0,58 ","€0,00 ","€0,00 ","151","0","0","€3,85 ","0,00%","n/a","n/a","n/a","0","€0,00 ","0,00%","n/a","n/a"
"126243","Côtes-d'Armor Destination","436943","Campagne Communication Côtes-d'Armor Destination x Agence hémisphère Sud","3183139","La famille exploratrice_Display Ad","voici.fr","","Display","Standard","€1,01 ","€0,00 ","€0,00 ","250","0","0","€4,05 ","0,00%","n/a","n/a","n/a","0","€0,00 ","0,00%","n/a","n/a"
"126243","Côtes-d'Armor Destination","436943","Campagne Communication Côtes-d'Armor Destination x Agence hémisphère Sud","3182542","La famille exploratrice_Native Ad","centrepresseaveyron.fr","","Native","Standard","€1,79 ","€0,00 ","€0,00 ","492","3","0","€3,64 ","0,61%","0,00%","€0,60 ","n/a","0","€0,00 ","0,00%","n/a","n/a"
"126243","Côtes-d'Armor Destination","436943","Campagne Communication Côtes-d'Armor Destination x Agence hémisphère Sud","3189086","Le couple en quête de déconnexion_Native Ad","onzemondial.com","","Native","Standard","€0,10 ","€0,00 ","€0,00 ","29","0","0","€3,57 ","0,00%","n/a","n/a","n/a","0","€0,00 ","0,00%","n/a","n/a"
"126243","Côtes-d'Armor Destination","436943","Campagne Communication Côtes-d'Armor Destination x Agence hémisphère Sud","3183139","La famille exploratrice_Display Ad","lamontagne.fr","","Display","Standard","€0,39 ","€0,00 ","€0,00 ","83","0","0","€4,71 ","0,00%","n/a","n/a","n/a","0","€0,00 ","0,00%","n/a","n/a"
"126243","Côtes-d'Armor Destination","436943","Campagne Communication Côtes-d'Armor Destination x Agence hémisphère Sud","3183430","Le couple en quête de déconnexion_Display Ad","journaldesfemmes.fr","","Display","Standard","€0,27 ","€0,00 ","€0,00 ","67","0","0","€3,99 ","0,00%","n/a","n/a","n/a","0","€0,00 ","0,00%","n/a","n/a"
"126243","Côtes-d'Armor Destination","436943","Campagne Communication Côtes-d'Armor Destination x Agence hémisphère Sud","3182542","La famille exploratrice_Native Ad","telerama.fr","","Native","Standard","€0,12 ","€0,00 ","€0,00 ","37","0","0","€3,18 ","0,00%","n/a","n/a","n/a","0","€0,00 ","0,00%","n/a","n/a"
"126243","Côtes-d'Armor Destination","436943","Campagne Communication Côtes-d'Armor Destination x Agence hémisphère Sud","3183139","La famille exploratrice_Display Ad","paruvendu.fr","","Display","Standard","€0,00 ","€0,00 ","€0,00 ","1","0","0","€4,63 ","0,00%","n/a","n/a","n/a","0","€0,00 ","0,00%","n/a","n/a"
"126243","Côtes-d'Armor Destination","436943","Campagne Communication Côtes-d'Armor Destination x Agence hémisphère Sud","3183139","La famille exploratrice_Display Ad","lesechos.fr","","Display","Standard","€0,13 ","€0,00 ","€0,00 ","28","0","0","€4,55 ","0,00%","n/a","n/a","n/a","0","€0,00 ","0,00%","n/a","n/a"
"126243","Côtes-d'Armor Destination","436943","Campagne Communication Côtes-d'Armor Destination x Agence hémisphère Sud","3189086","Le couple en quête de déconnexion_Native Ad","charentelibre.fr","","Native","Standard","€0,82 ","€0,00 ","€0,00 ","224","0","0","€3,65 ","0,00%","n/a","n/a","n/a","0","€0,00 ","0,00%","n/a","n/a"
"126243","Côtes-d'Armor Destination","436943","Campagne Communication Côtes-d'Armor Destination x Agence hémisphère Sud","3183139","La famille exploratrice_Display Ad","parents.fr","","Display","Standard","€0,06 ","€0,00 ","€0,00 ","14","0","0","€4,33 ","0,00%","n/a","n/a","n/a","0","€0,00 ","0,00%","n/a","n/a"
"126243","Côtes-d'Armor Destination","436943","Campagne Communication Côtes-d'Armor Destination x Agence hémisphère Sud","3183139","La famille exploratrice_Display Ad","bfmtv.com","","Display","Standard","€5,96 ","€0,00 ","€0,00 ","1 333","0","0","€4,47 ","0,00%","n/a","n/a","n/a","0","€0,00 ","0,00%","n/a","n/a"
"126243","Côtes-d'Armor Destination","436943","Campagne Communication Côtes-d'Armor Destination x Agence hémisphère Sud","3183430","Le couple en quête de déconnexion_Display Ad","sports.fr","","Display","Standard","€20,98 ","€0,00 ","€0,00 ","5 334","21","0","€3,93 ","0,39%","0,00%","€1,00 ","n/a","0","€0,00 ","0,00%","n/a","n/a"
"126243","Côtes-d'Armor Destination","436943","Campagne Communication Côtes-d'Armor Destination x Agence hémisphère Sud","3183430","Le couple en quête de déconnexion_Display Ad","lesechos.fr","","Display","Standard","€0,16 ","€0,00 ","€0,00 ","34","0","0","€4,58 ","0,00%","n/a","n/a","n/a","0","€0,00 ","0,00%","n/a","n/a"
"126243","Côtes-d'Armor Destination","436943","Campagne Communication Côtes-d'Armor Destination x Agence hémisphère Sud","3182542","La famille exploratrice_Native Ad","actu.fr","","Native","Standard","€1,22 ","€0,00 ","€0,00 ","329","0","0","€3,70 ","0,00%","n/a","n/a","n/a","0","€0,00 ","0,00%","n/a","n/a"
"126243","Côtes-d'Armor Destination","436943","Campagne Communication Côtes-d'Armor Destination x Agence hémisphère Sud","3182542","La famille exploratrice_Native Ad","aufeminin.com","","Native","Standard","€2,57 ","€0,00 ","€0,00 ","720","1","0","€3,57 ","0,14%","0,00%","€2,57 ","n/a","0","€0,00 ","0,00%","n/a","n/a"
"126243","Côtes-d'Armor Destination","436943","Campagne Communication Côtes-d'Armor Destination x Agence hémisphère Sud","3189086","Le couple en quête de déconnexion_Native Ad","techradar.com","","Native","Standard","€0,00 ","€0,00 ","€0,00 ","1","0","0","€3,71 ","0,00%","n/a","n/a","n/a","0","€0,00 ","0,00%","n/a","n/a"
"126243","Côtes-d'Armor Destination","436943","Campagne Communication Côtes-d'Armor Destination x Agence hémisphère Sud","3189086","Le couple en quête de déconnexion_Native Ad","750g.com","","Native","Standard","€5,50 ","€0,00 ","€0,00 ","1 497","16","0","€3,68 ","1,07%","0,00%","€0,34 ","n/a","0","€0,00 ","0,00%","n/a","n/a"
"126243","Côtes-d'Armor Destination","436943","Campagne Communication Côtes-d'Armor Destination x Agence hémisphère Sud","3183139","La famille exploratrice_Display Ad","actu.fr","","Display","Standard","€0,09 ","€0,00 ","€0,00 ","22","0","0","€4,31 ","0,00%","n/a","n/a","n/a","0","€0,00 ","0,00%","n/a","n/a"
"126243","Côtes-d'Armor Destination","436943","Campagne Communication Côtes-d'Armor Destination x Agence hémisphère Sud","3183139","La famille exploratrice_Display Ad","onzemondial.com","","Display","Standard","€0,04 ","€0,00 ","€0,00 ","8","0","0","€4,58 ","0,00%","n/a","n/a","n/a","0","€0,00 ","0,00%","n/a","n/a"
"126243","Côtes-d'Armor Destination","436943","Campagne Communication Côtes-d'Armor Destination x Agence hémisphère Sud","3182542","La famille exploratrice_Native Ad","cosmopolitan.fr","","Native","Standard","€0,76 ","€0,00 ","€0,00 ","208","1","0","€3,64 ","0,48%","0,00%","€0,76 ","n/a","0","€0,00 ","0,00%","n/a","n/a"
"126243","Côtes-d'Armor Destination","436943","Campagne Communication Côtes-d'Armor Destination x Agence hémisphère Sud","3182542","La famille exploratrice_Native Ad","allocine.fr","","Native","Standard","€56,04 ","€0,00 ","€0,00 ","15 256","199","0","€3,67 ","1,30%","0,00%","€0,28 ","n/a","0","€0,00 ","0,00%","n/a","n/a"
"126243","Côtes-d'Armor Destination","436943","Campagne Communication Côtes-d'Armor Destination x Agence hémisphère Sud","3189086","Le couple en quête de déconnexion_Native Ad","programme.tv","","Native","Standard","€5,94 ","€0,00 ","€0,00 ","1 757","20","0","€3,38 ","1,14%","0,00%","€0,30 ","n/a","0","€0,00 ","0,00%","n/a","n/a"
"126243","Côtes-d'Armor Destination","436943","Campagne Communication Côtes-d'Armor Destination x Agence hémisphère Sud","3183139","La famille exploratrice_Display Ad","huffingtonpost.fr","","Display","Standard","€0,08 ","€0,00 ","€0,00 ","17","0","0","€4,64 ","0,00%","n/a","n/a","n/a","0","€0,00 ","0,00%","n/a","n/a"
"126243","Côtes-d'Armor Destination","436943","Campagne Communication Côtes-d'Armor Destination x Agence hémisphère Sud","3183430","Le couple en quête de déconnexion_Display Ad","lemonde.fr","","Display","Standard","€0,33 ","€0,00 ","€0,00 ","81","0","0","€4,10 ","0,00%","n/a","n/a","n/a","0","€0,00 ","0,00%","n/a","n/a"
"126243","Côtes-d'Armor Destination","436943","Campagne Communication Côtes-d'Armor Destination x Agence hémisphère Sud","3189086","Le couple en quête de déconnexion_Native Ad","lefigaro.fr","","Native","Standard","€0,37 ","€0,00 ","€0,00 ","138","0","0","€2,69 ","0,00%","n/a","n/a","n/a","0","€0,00 ","0,00%","n/a","n/a"
"126243","Côtes-d'Armor Destination","436943","Campagne Communication Côtes-d'Armor Destination x Agence hémisphère Sud","3189086","Le couple en quête de déconnexion_Native Ad","tripadvisor.fr","","Native","Standard","€0,32 ","€0,00 ","€0,00 ","92","0","0","€3,49 ","0,00%","n/a","n/a","n/a","0","€0,00 ","0,00%","n/a","n/a"
"126243","Côtes-d'Armor Destination","436943","Campagne Communication Côtes-d'Armor Destination x Agence hémisphère Sud","3189086","Le couple en quête de déconnexion_Native Ad","geo.fr","","Native","Standard","€2,76 ","€0,00 ","€0,00 ","759","7","0","€3,64 ","0,92%","0,00%","€0,39 ","n/a","0","€0,00 ","0,00%","n/a","n/a"
"126243","Côtes-d'Armor Destination","436943","Campagne Communication Côtes-d'Armor Destination x Agence hémisphère Sud","3189086","Le couple en quête de déconnexion_Native Ad","leprogres.fr","","Native","Standard","€0,82 ","€0,00 ","€0,00 ","227","0","0","€3,62 ","0,00%","n/a","n/a","n/a","0","€0,00 ","0,00%","n/a","n/a"
